city,date,tmean,tmax,clim,anom
Toronto,2025-01-01,1.5,3.0,-3.35,4.85
Toronto,2025-01-02,-1.45,0.3,-3.48,2.03
Toronto,2025-01-03,-2.15,0.0,-3.58,1.43
Toronto,2025-01-04,-4.15,-2.2,-3.7,-0.45
Toronto,2025-01-05,-3.7,-1.0,-3.86,0.16
Toronto,2025-01-06,-6.8,-3.6,-4.04,-2.76
Toronto,2025-01-07,-6.5,-4.0,-4.17,-2.33
Toronto,2025-01-08,-10.0,-7.0,-4.26,-5.74
Toronto,2025-01-09,-8.5,-4.0,-4.37,-4.13
Toronto,2025-01-10,-7.15,-3.0,-4.5,-2.65
Toronto,2025-01-11,-3.2,0.0,-4.6,1.4
Toronto,2025-01-12,-1.35,1.0,-4.66,3.31
Toronto,2025-01-13,-2.5,1.0,-4.73,2.23
Toronto,2025-01-14,-7.6,-6.0,-4.82,-2.78
Toronto,2025-01-15,-7.5,-4.0,-4.91,-2.59
Toronto,2025-01-16,-5.0,-2.0,-5.01,0.01
Toronto,2025-01-17,0.15,2.3,-5.04,5.19
Toronto,2025-01-18,-1.0,4.0,-5.08,4.08
Toronto,2025-01-19,-7.5,-6.0,-5.08,-2.42
Toronto,2025-01-20,-12.0,-10.0,-5.12,-6.88
Toronto,2025-01-21,-13.55,-11.0,-5.17,-8.38
Toronto,2025-01-22,-14.1,-10.0,-5.19,-8.91
Toronto,2025-01-23,-7.0,-4.0,-5.17,-1.83
Toronto,2025-01-24,-7.5,-5.0,-5.2,-2.3
Toronto,2025-01-25,-5.0,-1.0,-5.24,0.24
Toronto,2025-01-26,-2.5,0.0,-5.25,2.75
Toronto,2025-01-27,-2.6,1.0,-5.36,2.76
Toronto,2025-01-28,-6.5,-1.0,-5.5,-1.0
Toronto,2025-01-29,-3.45,2.1,-5.6,2.15
Toronto,2025-01-30,-4.8,-0.6,-5.58,0.78
Toronto,2025-01-31,-1.35,1.3,-5.55,4.2
Toronto,2025-02-01,-11.0,-8.0,-5.51,-5.49
Toronto,2025-02-02,-8.45,-3.9,-5.48,-2.97
Toronto,2025-02-03,-1.45,1.3,-5.43,3.98
Toronto,2025-02-04,-4.5,0.0,-5.34,0.84
Toronto,2025-02-05,-7.5,-5.0,-5.16,-2.34
Toronto,2025-02-06,-2.25,0.5,-4.97,2.72
Toronto,2025-02-07,-4.5,-1.0,-4.87,0.37
Toronto,2025-02-08,-5.0,-2.0,-4.84,-0.16
Toronto,2025-02-09,-3.35,-0.7,-4.76,1.41
Toronto,2025-02-10,-6.2,-3.4,-4.65,-1.55
Toronto,2025-02-11,-7.1,-2.0,-4.57,-2.53
Toronto,2025-02-12,-6.85,-4.7,-4.51,-2.34
Toronto,2025-02-13,-5.9,-2.8,-4.46,-1.44
Toronto,2025-02-14,-6.5,-5.0,-4.37,-2.13
Toronto,2025-02-15,-4.5,-2.0,-4.26,-0.24
Toronto,2025-02-16,-6.0,-4.0,-4.2,-1.8
Toronto,2025-02-17,-9.8,-7.0,-4.15,-5.65
Toronto,2025-02-18,-10.5,-7.0,-4.08,-6.42
Toronto,2025-02-19,-9.35,-6.7,-4.04,-5.31
Toronto,2025-02-20,-9.7,-8.0,-3.96,-5.74
Toronto,2025-02-21,-9.0,-6.0,-3.81,-5.19
Toronto,2025-02-22,-4.9,-1.7,-3.67,-1.23
Toronto,2025-02-23,-1.05,1.0,-3.54,2.49
Toronto,2025-02-24,2.9,7.0,-3.39,6.29
Toronto,2025-02-25,4.6,6.2,-3.27,7.87
Toronto,2025-02-26,1.75,5.5,-3.13,4.88
Toronto,2025-02-27,2.5,5.0,-2.92,5.42
Toronto,2025-02-28,0.0,4.0,-2.68,2.68
Toronto,2025-03-01,-3.5,4.0,-2.45,-1.05
Toronto,2025-03-02,-10.5,-5.0,-2.26,-8.24
Toronto,2025-03-03,-2.7,2.6,-2.07,-0.63
Toronto,2025-03-04,3.0,7.0,-1.88,4.88
Toronto,2025-03-05,4.5,7.0,-1.68,6.18
Toronto,2025-03-06,0.0,3.0,-1.5,1.5
Toronto,2025-03-07,-0.25,2.0,-1.4,1.15
Toronto,2025-03-08,-2.25,1.1,-1.32,-0.93
Toronto,2025-03-09,1.9,7.2,-1.22,3.12
Toronto,2025-03-10,6.0,11.0,-1.09,7.09
Toronto,2025-03-11,5.35,12.0,-0.89,6.24
Toronto,2025-03-12,-1.3,1.0,-0.67,-0.63
Toronto,2025-03-13,1.5,7.0,-0.43,1.93
Toronto,2025-03-14,5.5,13.0,-0.16,5.66
Toronto,2025-03-15,8.5,14.0,0.08,8.42
Toronto,2025-03-16,10.0,17.0,0.33,9.67
Toronto,2025-03-17,1.4,5.1,0.57,0.83
Toronto,2025-03-18,7.7,15.5,0.83,6.87
Toronto,2025-03-19,12.55,21.1,1.1,11.45
Toronto,2025-03-20,7.5,14.0,1.32,6.18
Toronto,2025-03-21,2.5,8.0,1.52,0.98
Toronto,2025-03-22,0.85,6.4,1.71,-0.86
Toronto,2025-03-23,-4.0,-0.8,1.9,-5.9
Toronto,2025-03-24,2.5,6.0,2.12,0.38
Toronto,2025-03-25,2.2,4.0,2.31,-0.11
Toronto,2025-03-26,0.5,4.0,2.52,-2.02
Toronto,2025-03-27,3.0,12.0,2.73,0.27
Toronto,2025-03-28,3.0,5.0,2.98,0.02
Toronto,2025-03-29,0.85,2.0,3.2,-2.35
Toronto,2025-03-30,1.85,4.0,3.4,-1.55
Toronto,2025-03-31,6.35,11.9,3.62,2.73
Toronto,2025-04-01,1.0,3.0,3.86,-2.86
Toronto,2025-04-02,0.55,2.8,4.08,-3.53
Toronto,2025-04-03,11.5,20.0,4.31,7.19
Toronto,2025-04-04,6.5,11.0,4.57,1.93
Toronto,2025-04-05,6.95,10.6,4.81,2.14
Toronto,2025-04-06,3.45,6.0,5.04,-1.59
Toronto,2025-04-07,1.6,6.2,5.29,-3.69
Toronto,2025-04-08,-2.05,1.1,5.56,-7.61
Toronto,2025-04-09,-1.1,5.0,5.79,-6.89
Toronto,2025-04-10,2.25,4.5,6.01,-3.76
Toronto,2025-04-11,2.7,4.4,6.18,-3.48
Toronto,2025-04-12,6.4,10.0,6.35,0.05
Toronto,2025-04-13,6.55,14.1,6.48,0.07
Toronto,2025-04-14,10.5,15.0,6.6,3.9
Toronto,2025-04-15,7.05,12.0,6.8,0.25
Toronto,2025-04-16,3.8,5.8,7.02,-3.22
Toronto,2025-04-17,4.3,12.0,7.22,-2.92
Toronto,2025-04-18,12.75,20.0,7.41,5.34
Toronto,2025-04-19,14.25,22.0,7.64,6.61
Toronto,2025-04-20,6.0,9.1,7.9,-1.9
Toronto,2025-04-21,9.0,13.0,8.18,0.82
Toronto,2025-04-22,10.85,14.0,8.45,2.4
Toronto,2025-04-23,10.4,15.0,8.7,1.7
Toronto,2025-04-24,14.4,22.0,8.93,5.47
Toronto,2025-04-25,14.25,18.0,9.17,5.08
Toronto,2025-04-26,10.0,14.0,9.39,0.61
Toronto,2025-04-27,12.0,19.0,9.59,2.41
Toronto,2025-04-28,12.5,20.0,9.76,2.74
Toronto,2025-04-29,16.0,26.0,9.97,6.03
Toronto,2025-04-30,7.0,12.0,10.18,-3.18
Toronto,2025-05-01,8.0,10.0,10.33,-2.33
Toronto,2025-05-02,14.0,20.0,10.47,3.53
Toronto,2025-05-03,8.5,11.0,10.67,-2.17
Toronto,2025-05-04,10.0,15.0,10.84,-0.84
Toronto,2025-05-05,15.0,18.0,11.0,4.0
Toronto,2025-05-06,14.5,20.0,11.18,3.32
Toronto,2025-05-07,16.5,23.0,11.36,5.14
Toronto,2025-05-08,9.5,12.0,11.59,-2.09
Toronto,2025-05-09,10.5,17.0,11.81,-1.31
Toronto,2025-05-10,14.0,23.0,12.04,1.96
Toronto,2025-05-11,9.5,14.0,12.29,-2.79
Toronto,2025-05-12,16.5,25.0,12.54,3.96
Toronto,2025-05-13,19.0,24.0,12.77,6.23
Toronto,2025-05-14,17.5,21.0,13.07,4.43
Toronto,2025-05-15,18.5,23.0,13.4,5.1
Toronto,2025-05-16,20.5,27.0,13.62,6.88
Toronto,2025-05-17,16.5,20.0,13.79,2.71
Toronto,2025-05-18,14.0,17.0,13.96,0.04
Toronto,2025-05-19,10.0,13.0,14.11,-4.11
Toronto,2025-05-20,8.5,14.0,14.25,-5.75
Toronto,2025-05-21,9.5,10.0,14.39,-4.89
Toronto,2025-05-22,8.5,10.0,14.55,-6.05
Toronto,2025-05-23,10.0,12.0,14.74,-4.74
Toronto,2025-05-24,12.0,16.0,14.93,-2.93
Toronto,2025-05-25,12.5,18.0,15.11,-2.61
Toronto,2025-05-26,14.0,21.0,15.31,-1.31
Toronto,2025-05-27,16.0,21.0,15.53,0.47
Toronto,2025-05-28,14.0,17.0,15.79,-1.79
Toronto,2025-05-29,15.0,18.0,16.01,-1.01
Toronto,2025-05-30,19.0,24.0,16.19,2.81
Toronto,2025-05-31,12.0,15.0,16.37,-4.37
Toronto,2025-06-01,10.5,16.0,16.6,-6.1
Toronto,2025-06-02,15.0,23.0,16.85,-1.85
Toronto,2025-06-03,21.5,28.0,17.08,4.42
Toronto,2025-06-04,23.5,31.0,17.29,6.21
Toronto,2025-06-05,18.5,21.0,17.47,1.03
Toronto,2025-06-06,19.0,24.0,17.67,1.33
Toronto,2025-06-07,20.0,25.0,17.86,2.14
Toronto,2025-06-08,18.0,23.0,18.03,-0.03
Toronto,2025-06-09,19.5,23.0,18.18,1.32
Toronto,2025-06-10,18.0,23.0,18.36,-0.36
Toronto,2025-06-11,21.0,28.0,18.55,2.45
Toronto,2025-06-12,20.5,25.0,18.71,1.79
Toronto,2025-06-13,16.5,19.0,18.89,-2.39
Toronto,2025-06-14,18.0,21.0,18.99,-0.99
Toronto,2025-06-15,19.0,23.0,19.08,-0.08
Toronto,2025-06-16,19.5,24.0,19.19,0.31
Toronto,2025-06-17,20.5,25.0,19.35,1.15
Toronto,2025-06-18,24.0,27.0,19.51,4.49
Toronto,2025-06-19,21.0,24.0,19.68,1.32
Toronto,2025-06-20,20.5,26.0,19.89,0.61
Toronto,2025-06-21,23.0,28.0,20.09,2.91
Toronto,2025-06-22,30.0,35.0,20.25,9.75
Toronto,2025-06-23,29.5,36.0,20.38,9.12
Toronto,2025-06-24,30.0,35.0,20.5,9.5
Toronto,2025-06-25,26.5,30.0,20.6,5.9
Toronto,2025-06-26,20.5,24.0,20.67,-0.17
Toronto,2025-06-27,21.0,25.0,20.74,0.26
Toronto,2025-06-28,22.0,26.0,20.83,1.17
Toronto,2025-06-29,20.5,27.0,20.97,-0.47
Toronto,2025-06-30,22.5,26.0,21.11,1.39
Toronto,2025-07-01,25.5,30.0,21.23,4.27
Toronto,2025-07-02,24.5,31.0,21.36,3.14
Toronto,2025-07-03,23.0,27.0,21.46,1.54
Toronto,2025-07-04,20.5,26.0,21.52,-1.02
Toronto,2025-07-05,25.0,30.0,21.6,3.4
Toronto,2025-07-06,28.5,34.0,21.7,6.8
Toronto,2025-07-07,25.0,29.0,21.74,3.26
Toronto,2025-07-08,22.5,26.0,21.8,0.7
Toronto,2025-07-09,22.5,26.0,21.84,0.66
Toronto,2025-07-10,23.0,28.0,21.88,1.12
Toronto,2025-07-11,25.5,31.0,21.9,3.6
Toronto,2025-07-12,28.5,34.0,21.92,6.58
Toronto,2025-07-13,26.5,31.0,21.93,4.57
Toronto,2025-07-14,25.5,29.0,21.94,3.56
Toronto,2025-07-15,26.0,32.0,21.97,4.03
Toronto,2025-07-16,26.0,32.0,22.01,3.99
Toronto,2025-07-17,23.0,29.0,22.09,0.91
Toronto,2025-07-18,18.0,22.0,22.15,-4.15
Toronto,2025-07-19,21.0,27.0,22.17,-1.17
Toronto,2025-07-20,23.5,28.0,22.2,1.3
Toronto,2025-07-21,19.5,23.0,22.15,-2.65
Toronto,2025-07-22,19.5,24.0,22.11,-2.61
Toronto,2025-07-23,21.5,27.0,22.07,-0.57
Toronto,2025-07-24,26.0,33.0,22.07,3.93
Toronto,2025-07-25,26.0,29.0,22.07,3.93
Toronto,2025-07-26,24.5,29.0,22.07,2.43
Toronto,2025-07-27,27.5,32.0,22.08,5.42
Toronto,2025-07-28,27.0,33.0,22.08,4.92
Toronto,2025-07-29,27.5,33.0,22.05,5.45
Toronto,2025-07-30,25.5,30.0,21.99,3.51
Toronto,2025-07-31,20.5,24.0,21.96,-1.46
Toronto,2025-08-01,20.5,25.0,21.92,-1.42
Toronto,2025-08-02,21.0,27.0,21.87,-0.87
Toronto,2025-08-03,22.5,29.0,21.79,0.71
Toronto,2025-08-04,22.5,29.0,21.73,0.77
Toronto,2025-08-05,23.5,28.0,21.67,1.83
Toronto,2025-08-06,24.0,28.0,21.61,2.39
Toronto,2025-08-07,24.5,28.0,21.54,2.96
Toronto,2025-08-08,25.0,29.0,21.46,3.54
Toronto,2025-08-09,27.0,32.0,21.44,5.56
Toronto,2025-08-10,26.5,32.0,21.41,5.09
Toronto,2025-08-11,27.0,32.0,21.39,5.61
Toronto,2025-08-12,28.5,34.0,21.36,7.14
Toronto,2025-08-13,25.5,30.0,21.33,4.17
Toronto,2025-08-14,23.0,27.0,21.29,1.71
Toronto,2025-08-15,24.5,29.0,21.24,3.26
Toronto,2025-08-16,25.0,30.0,21.16,3.84
Toronto,2025-08-17,22.0,26.0,21.05,0.95
Toronto,2025-08-18,17.0,21.0,20.95,-3.95
Toronto,2025-08-19,19.5,22.0,20.87,-1.37
Toronto,2025-08-20,19.5,21.0,20.8,-1.3
Toronto,2025-08-21,19.5,23.0,20.73,-1.23
Toronto,2025-08-22,21.5,26.0,20.67,0.83
Toronto,2025-08-23,22.5,26.0,20.63,1.87
Toronto,2025-08-24,20.5,25.0,20.55,-0.05
Toronto,2025-08-25,16.5,20.0,20.42,-3.92
Toronto,2025-08-26,16.0,20.0,20.29,-4.29
Toronto,2025-08-27,17.0,23.0,20.17,-3.17
Toronto,2025-08-28,16.0,19.0,20.05,-4.05
Toronto,2025-08-29,13.5,18.0,19.95,-6.45
Toronto,2025-08-30,15.5,22.0,19.86,-4.36
Toronto,2025-08-31,17.0,23.0,19.7,-2.7
Toronto,2025-09-01,18.5,24.0,19.54,-1.04
Toronto,2025-09-02,19.5,25.0,19.38,0.12
Toronto,2025-09-03,20.5,27.0,19.26,1.24
Toronto,2025-09-04,15.5,19.0,19.12,-3.62
Toronto,2025-09-05,17.5,23.0,18.97,-1.47
Toronto,2025-09-06,15.5,20.0,18.85,-3.35
Toronto,2025-09-07,15.0,19.0,18.72,-3.72
Toronto,2025-09-08,14.0,19.0,18.58,-4.58
Toronto,2025-09-09,15.5,22.0,18.41,-2.91
Toronto,2025-09-10,18.0,24.0,18.22,-0.22
Toronto,2025-09-11,20.0,25.0,18.02,1.98
Toronto,2025-09-12,18.5,23.0,17.83,0.67
Toronto,2025-09-13,21.0,25.0,17.63,3.37
Toronto,2025-09-14,20.5,25.0,17.41,3.09
Toronto,2025-09-15,19.5,24.0,17.17,2.33
Toronto,2025-09-16,19.0,25.0,16.95,2.05
Toronto,2025-09-17,19.5,25.0,16.74,2.76
Toronto,2025-09-18,21.5,29.0,16.54,4.96
Toronto,2025-09-19,18.0,21.0,16.29,1.71
Toronto,2025-09-20,14.5,18.0,16.03,-1.53
Toronto,2025-09-21,18.0,24.0,15.82,2.18
Toronto,2025-09-22,21.0,24.0,15.6,5.4
Toronto,2025-09-23,21.5,25.0,15.39,6.11
Toronto,2025-09-24,20.0,22.0,15.18,4.82
Toronto,2025-09-25,19.5,21.0,14.99,4.51
Toronto,2025-09-26,19.5,24.0,14.79,4.71
Toronto,2025-09-27,20.5,25.0,14.55,5.95
Toronto,2025-09-28,20.0,24.0,14.35,5.65
Toronto,2025-09-29,18.0,25.0,14.1,3.9
Toronto,2025-09-30,18.0,22.0,13.84,4.16
Toronto,2025-10-01,13.0,17.0,13.6,-0.6
Toronto,2025-10-02,14.5,19.0,13.37,1.13
Toronto,2025-10-03,17.0,24.0,13.13,3.87
Toronto,2025-10-04,20.5,26.0,12.89,7.61
Toronto,2025-10-05,21.5,27.0,12.67,8.83
Toronto,2025-10-06,22.0,28.0,12.46,9.54
Toronto,2025-10-07,17.55,21.0,12.2,5.35
Toronto,2025-10-08,10.85,14.0,11.95,-1.1
Toronto,2025-10-09,8.35,10.4,11.75,-3.4
Toronto,2025-10-10,9.75,13.6,11.53,-1.78
Toronto,2025-10-11,14.5,18.0,11.3,3.2
Toronto,2025-10-12,14.0,18.0,11.06,2.94
Toronto,2025-10-13,13.5,18.0,10.81,2.69
Toronto,2025-10-14,14.5,21.0,10.55,3.95
Toronto,2025-10-15,11.0,14.0,10.35,0.65
Toronto,2025-10-16,10.0,15.0,10.18,-0.18
Toronto,2025-10-17,9.0,12.0,9.96,-0.96
Toronto,2025-10-18,16.0,21.0,9.73,6.27
Toronto,2025-10-19,18.5,22.0,9.47,9.03
Toronto,2025-10-20,12.0,16.0,9.27,2.73
Toronto,2025-10-21,10.5,16.0,9.11,1.39
Toronto,2025-10-22,8.5,11.0,8.92,-0.42
Toronto,2025-10-23,9.5,12.0,8.69,0.81
Toronto,2025-10-24,9.0,12.0,8.45,0.55
Toronto,2025-10-25,7.0,11.0,8.22,-1.22
Toronto,2025-10-26,5.0,10.0,7.98,-2.98
Toronto,2025-10-27,5.5,9.0,7.77,-2.27
Toronto,2025-10-28,7.0,10.0,7.58,-0.58
Toronto,2025-10-29,6.5,11.0,7.36,-0.86
Toronto,2025-10-30,7.5,9.0,7.19,0.31
Toronto,2025-10-31,7.0,9.0,7.0,-0.0
Toronto,2025-11-01,6.5,10.0,6.79,-0.29
Toronto,2025-11-02,4.5,10.0,6.56,-2.06
Toronto,2025-11-03,8.5,11.0,6.35,2.15
Toronto,2025-11-04,8.0,14.0,6.17,1.83
Toronto,2025-11-05,9.0,13.0,5.97,3.03
Toronto,2025-11-06,4.0,7.0,5.78,-1.78
Toronto,2025-11-07,7.5,11.0,5.58,1.92
Toronto,2025-11-08,5.5,10.0,5.38,0.12
Toronto,2025-11-09,-0.85,2.0,5.12,-5.97
Toronto,2025-11-10,-3.5,-3.0,4.91,-8.41
Toronto,2025-11-11,-1.0,2.0,4.75,-5.75
Toronto,2025-11-12,4.0,7.0,4.59,-0.59
Toronto,2025-11-13,4.0,6.0,4.42,-0.42
Toronto,2025-11-14,5.0,9.0,4.26,0.74
Toronto,2025-11-15,6.5,11.0,4.11,2.39
Toronto,2025-11-16,3.5,8.0,3.91,-0.41
Toronto,2025-11-17,0.5,4.0,3.74,-3.24
Toronto,2025-11-18,3.0,6.0,3.58,-0.58
Toronto,2025-11-19,1.5,6.0,3.43,-1.93
Toronto,2025-11-20,2.5,6.0,3.27,-0.77
Toronto,2025-11-21,6.5,10.0,3.04,3.46
Toronto,2025-11-22,3.5,6.0,2.78,0.72
Toronto,2025-11-23,6.0,9.0,2.57,3.43
Toronto,2025-11-24,4.0,8.0,2.36,1.64
Toronto,2025-11-25,7.0,9.0,2.16,4.84
Toronto,2025-11-26,6.0,11.0,1.95,4.05
Toronto,2025-11-27,1.0,3.0,1.73,-0.73
Toronto,2025-11-28,-0.5,2.0,1.56,-2.06
Toronto,2025-11-29,-1.5,1.0,1.38,-2.88
Toronto,2025-11-30,1.0,3.0,1.18,-0.18
Toronto,2025-12-01,-4.0,-1.0,0.99,-4.99
Toronto,2025-12-02,-2.5,0.0,0.84,-3.34
Toronto,2025-12-03,-2.0,2.0,0.7,-2.7
Toronto,2025-12-04,-6.5,-2.0,0.55,-7.05
Toronto,2025-12-05,-6.0,-1.0,0.34,-6.34
Toronto,2025-12-06,-0.5,1.0,0.16,-0.66
Toronto,2025-12-07,-4.0,-1.0,-0.0,-4.0
Toronto,2025-12-08,-8.5,-4.0,-0.12,-8.38
Toronto,2025-12-09,-4.5,0.0,-0.24,-4.26
Toronto,2025-12-10,-2.0,1.0,-0.36,-1.64
Toronto,2025-12-11,-9.0,-6.0,-0.53,-8.47
Toronto,2025-12-12,-6.5,-1.0,-0.73,-5.77
Toronto,2025-12-13,-5.0,-2.0,-0.9,-4.1
Toronto,2025-12-14,-9.5,-7.0,-1.06,-8.44
Toronto,2025-12-15,-9.0,-5.0,-1.22,-7.78
Toronto,2025-12-16,-3.0,1.0,-1.4,-1.6
Toronto,2025-12-17,2.5,4.0,-1.56,4.06
Toronto,2025-12-18,4.0,8.0,-1.73,5.73
Toronto,2025-12-19,2.5,9.0,-1.87,4.37
Toronto,2025-12-20,-1.35,1.9,-2.0,0.65
Toronto,2025-12-21,-1.95,1.1,-2.16,0.21
Toronto,2025-12-22,-1.5,3.0,-2.29,0.79
Toronto,2025-12-23,2.0,4.0,-2.4,4.4
Toronto,2025-12-24,0.5,3.0,-2.51,3.01
Toronto,2025-12-25,-2.5,2.0,-2.63,0.13
Toronto,2025-12-26,-5.0,-2.0,-2.75,-2.25
Toronto,2025-12-27,-6.0,-3.0,-2.79,-3.21
Toronto,2025-12-28,-0.5,2.0,-2.8,2.3
Toronto,2025-12-29,-1.5,5.0,-2.88,1.38
Toronto,2025-12-30,-6.0,-4.0,-3.03,-2.97
Toronto,2025-12-31,-6.5,-4.0,-3.19,-3.31
New York,2025-01-01,7.75,11.1,2.64,5.11
New York,2025-01-02,4.2,6.7,2.53,1.67
New York,2025-01-03,2.2,4.4,2.42,-0.22
New York,2025-01-04,-0.25,1.1,2.31,-2.56
New York,2025-01-05,-0.5,1.1,2.23,-2.73
New York,2025-01-06,-2.45,0.0,2.07,-4.52
New York,2025-01-07,-2.75,1.1,1.9,-4.65
New York,2025-01-08,-2.4,-0.5,1.76,-4.16
New York,2025-01-09,-1.6,1.1,1.67,-3.27
New York,2025-01-10,1.45,5.0,1.57,-0.12
New York,2025-01-11,0.3,2.2,1.47,-1.17
New York,2025-01-12,2.8,6.1,1.41,1.39
New York,2025-01-13,3.9,6.7,1.34,2.56
New York,2025-01-14,-0.5,2.2,1.29,-1.79
New York,2025-01-15,-1.85,0.6,1.25,-3.1
New York,2025-01-16,-2.15,-0.5,1.19,-3.34
New York,2025-01-17,2.0,6.7,1.17,0.83
New York,2025-01-18,5.0,7.8,1.15,3.85
New York,2025-01-19,0.9,5.0,1.14,-0.24
New York,2025-01-20,-4.9,-2.1,1.14,-6.04
New York,2025-01-21,-8.55,-6.6,1.13,-9.68
New York,2025-01-22,-8.25,-6.0,1.11,-9.36
New York,2025-01-23,-4.35,-1.0,1.13,-5.48
New York,2025-01-24,-1.35,1.1,1.13,-2.48
New York,2025-01-25,-2.15,0.6,1.1,-3.25
New York,2025-01-26,3.35,6.7,1.11,2.24
New York,2025-01-27,3.1,5.6,1.1,2.0
New York,2025-01-28,3.1,5.6,1.0,2.1
New York,2025-01-29,5.85,11.7,0.9,4.95
New York,2025-01-30,0.05,3.3,0.91,-0.86
New York,2025-01-31,6.65,10.0,0.95,5.7
New York,2025-02-01,2.25,10.0,0.98,1.27
New York,2025-02-02,-3.85,0.0,1.02,-4.87
New York,2025-02-03,4.45,9.4,1.1,3.35
New York,2025-02-04,4.75,10.0,1.19,3.56
New York,2025-02-05,0.05,2.8,1.29,-1.24
New York,2025-02-06,1.4,4.4,1.48,-0.08
New York,2025-02-07,3.1,7.2,1.65,1.45
New York,2025-02-08,-0.25,2.2,1.74,-1.99
New York,2025-02-09,0.85,2.2,1.79,-0.94
New York,2025-02-10,1.4,3.3,1.87,-0.47
New York,2025-02-11,-0.25,2.2,1.96,-2.21
New York,2025-02-12,0.85,2.2,2.02,-1.17
New York,2025-02-13,4.7,8.3,2.11,2.59
New York,2025-02-14,0.9,2.8,2.18,-1.28
New York,2025-02-15,0.05,2.2,2.28,-2.23
New York,2025-02-16,5.25,9.4,2.37,2.88
New York,2025-02-17,0.3,3.3,2.41,-2.11
New York,2025-02-18,-4.35,-2.1,2.47,-6.82
New York,2025-02-19,-4.1,-0.5,2.53,-6.63
New York,2025-02-20,-4.05,-1.0,2.6,-6.65
New York,2025-02-21,-1.9,1.7,2.72,-4.62
New York,2025-02-22,-0.25,5.0,2.85,-3.1
New York,2025-02-23,5.0,8.3,2.97,2.03
New York,2025-02-24,5.25,9.4,3.12,2.13
New York,2025-02-25,10.0,13.9,3.25,6.75
New York,2025-02-26,10.0,13.9,3.35,6.65
New York,2025-02-27,8.6,12.8,3.49,5.11
New York,2025-02-28,8.6,11.1,3.69,4.91
New York,2025-03-01,8.1,18.3,3.87,4.23
New York,2025-03-02,-2.45,1.1,4.01,-6.46
New York,2025-03-03,0.05,4.4,4.14,-4.09
New York,2025-03-04,5.6,10.6,4.26,1.34
New York,2025-03-05,9.2,12.8,4.39,4.81
New York,2025-03-06,7.2,12.2,4.52,2.68
New York,2025-03-07,6.15,10.6,4.64,1.51
New York,2025-03-08,5.3,7.8,4.69,0.61
New York,2025-03-09,6.65,12.2,4.77,1.88
New York,2025-03-10,13.6,19.4,4.84,8.76
New York,2025-03-11,11.1,17.2,4.97,6.13
New York,2025-03-12,8.9,12.2,5.14,3.76
New York,2025-03-13,5.85,7.8,5.32,0.53
New York,2025-03-14,8.6,12.8,5.54,3.06
New York,2025-03-15,7.5,9.4,5.75,1.75
New York,2025-03-16,10.55,15.0,5.91,4.64
New York,2025-03-17,9.15,14.4,6.08,3.07
New York,2025-03-18,9.15,16.1,6.24,2.91
New York,2025-03-19,11.1,17.2,6.45,4.65
New York,2025-03-20,8.1,10.6,6.65,1.45
New York,2025-03-21,7.2,10.0,6.82,0.38
New York,2025-03-22,10.8,17.2,6.99,3.81
New York,2025-03-23,4.7,9.4,7.18,-2.48
New York,2025-03-24,7.25,10.6,7.35,-0.1
New York,2025-03-25,11.95,15.0,7.51,4.44
New York,2025-03-26,7.5,11.1,7.67,-0.17
New York,2025-03-27,6.95,11.7,7.83,-0.88
New York,2025-03-28,13.35,17.8,8.01,5.34
New York,2025-03-29,16.95,27.8,8.26,8.69
New York,2025-03-30,6.7,7.8,8.46,-1.76
New York,2025-03-31,13.9,21.1,8.64,5.26
New York,2025-04-01,10.6,15.6,8.86,1.74
New York,2025-04-02,5.85,8.9,9.09,-3.24
New York,2025-04-03,15.25,23.3,9.31,5.94
New York,2025-04-04,18.6,23.3,9.56,9.04
New York,2025-04-05,9.7,13.3,9.79,-0.09
New York,2025-04-06,9.7,13.3,10.0,-0.3
New York,2025-04-07,7.5,10.6,10.2,-2.7
New York,2025-04-08,5.3,7.8,10.43,-5.13
New York,2025-04-09,5.0,9.4,10.66,-5.66
New York,2025-04-10,7.5,10.0,10.87,-3.37
New York,2025-04-11,6.35,8.3,11.08,-4.73
New York,2025-04-12,3.9,5.0,11.24,-7.34
New York,2025-04-13,8.9,13.9,11.41,-2.51
New York,2025-04-14,13.85,18.3,11.54,2.31
New York,2025-04-15,15.0,21.1,11.69,3.31
New York,2025-04-16,8.9,10.6,11.9,-3.0
New York,2025-04-17,12.25,17.8,12.12,0.13
New York,2025-04-18,12.75,18.3,12.33,0.42
New York,2025-04-19,20.85,30.0,12.52,8.33
New York,2025-04-20,17.8,23.9,12.72,5.08
New York,2025-04-21,12.2,14.4,12.92,-0.72
New York,2025-04-22,19.2,27.8,13.11,6.09
New York,2025-04-23,18.3,24.4,13.28,5.02
New York,2025-04-24,17.8,23.9,13.44,4.36
New York,2025-04-25,19.75,23.9,13.63,6.12
New York,2025-04-26,17.75,23.3,13.84,3.91
New York,2025-04-27,12.5,15.0,14.05,-1.55
New York,2025-04-28,18.3,24.4,14.19,4.11
New York,2025-04-29,19.4,24.4,14.3,5.1
New York,2025-04-30,18.6,22.8,14.47,4.13
New York,2025-05-01,16.1,21.1,14.66,1.44
New York,2025-05-02,20.85,28.9,14.81,6.04
New York,2025-05-03,23.65,30.6,14.93,8.72
New York,2025-05-04,18.6,21.1,15.07,3.53
New York,2025-05-05,15.55,17.8,15.21,0.34
New York,2025-05-06,16.35,19.4,15.36,0.99
New York,2025-05-07,19.4,24.4,15.51,3.89
New York,2025-05-08,20.25,26.1,15.68,4.57
New York,2025-05-09,13.9,15.6,15.89,-1.99
New York,2025-05-10,16.95,23.3,16.07,0.88
New York,2025-05-11,20.85,26.1,16.27,4.58
New York,2025-05-12,18.05,22.8,16.46,1.59
New York,2025-05-13,17.2,20.0,16.67,0.53
New York,2025-05-14,16.1,18.3,16.88,-0.78
New York,2025-05-15,18.05,21.1,17.11,0.94
New York,2025-05-16,20.25,24.4,17.35,2.9
New York,2025-05-17,23.05,29.4,17.54,5.51
New York,2025-05-18,20.3,23.9,17.7,2.6
New York,2025-05-19,16.1,21.1,17.84,-1.74
New York,2025-05-20,15.0,20.0,17.97,-2.97
New York,2025-05-21,12.2,15.0,18.12,-5.92
New York,2025-05-22,10.3,11.7,18.27,-7.97
New York,2025-05-23,13.05,17.2,18.43,-5.38
New York,2025-05-24,14.45,18.3,18.64,-4.19
New York,2025-05-25,15.8,19.4,18.85,-3.05
New York,2025-05-26,17.5,22.8,19.05,-1.55
New York,2025-05-27,19.4,24.4,19.25,0.15
New York,2025-05-28,15.8,19.4,19.43,-3.63
New York,2025-05-29,16.4,20.0,19.64,-3.24
New York,2025-05-30,20.0,23.9,19.83,0.17
New York,2025-05-31,16.4,20.6,19.97,-3.57
New York,2025-06-01,15.25,19.4,20.12,-4.87
New York,2025-06-02,18.35,22.8,20.3,-1.95
New York,2025-06-03,20.25,26.1,20.52,-0.27
New York,2025-06-04,22.5,27.8,20.74,1.76
New York,2025-06-05,26.4,31.1,20.92,5.48
New York,2025-06-06,25.8,29.4,21.1,4.7
New York,2025-06-07,22.5,26.1,21.3,1.2
New York,2025-06-08,20.55,23.9,21.5,-0.95
New York,2025-06-09,16.95,17.8,21.65,-4.7
New York,2025-06-10,20.25,24.4,21.84,-1.59
New York,2025-06-11,23.6,28.9,22.04,1.56
New York,2025-06-12,27.2,32.2,22.2,5.0
New York,2025-06-13,22.2,25.0,22.39,-0.19
New York,2025-06-14,17.2,19.4,22.54,-5.34
New York,2025-06-15,16.65,18.3,22.68,-6.03
New York,2025-06-16,17.8,20.0,22.79,-4.99
New York,2025-06-17,18.35,20.0,22.92,-4.57
New York,2025-06-18,23.6,29.4,23.06,0.54
New York,2025-06-19,26.4,32.2,23.24,3.16
New York,2025-06-20,25.0,29.4,23.43,1.57
New York,2025-06-21,26.65,31.1,23.62,3.03
New York,2025-06-22,27.75,32.2,23.82,3.93
New York,2025-06-23,29.15,34.4,23.99,5.16
New York,2025-06-24,31.95,38.3,24.13,7.82
New York,2025-06-25,31.95,37.2,24.24,7.71
New York,2025-06-26,23.6,28.3,24.34,-0.74
New York,2025-06-27,20.55,23.3,24.43,-3.88
New York,2025-06-28,23.05,29.4,24.51,-1.46
New York,2025-06-29,28.05,32.8,24.64,3.41
New York,2025-06-30,27.25,32.8,24.8,2.45
New York,2025-07-01,28.05,33.9,24.94,3.11
New York,2025-07-02,25.85,28.9,25.08,0.77
New York,2025-07-03,27.5,33.3,25.22,2.28
New York,2025-07-04,24.75,28.9,25.35,-0.6
New York,2025-07-05,26.1,31.1,25.45,0.65
New York,2025-07-06,27.5,32.2,25.57,1.93
New York,2025-07-07,27.8,30.6,25.67,2.13
New York,2025-07-08,30.55,36.7,25.75,4.8
New York,2025-07-09,28.9,33.9,25.81,3.09
New York,2025-07-10,25.25,28.3,25.84,-0.59
New York,2025-07-11,25.8,29.4,25.85,-0.05
New York,2025-07-12,26.1,29.4,25.87,0.23
New York,2025-07-13,25.0,28.9,25.92,-0.92
New York,2025-07-14,27.25,31.7,25.94,1.31
New York,2025-07-15,26.95,31.1,25.97,0.98
New York,2025-07-16,28.3,32.2,25.99,2.31
New York,2025-07-17,29.45,33.9,26.04,3.41
New York,2025-07-18,26.1,28.9,26.1,-0.0
New York,2025-07-19,24.7,28.3,26.16,-1.46
New York,2025-07-20,28.9,33.9,26.18,2.72
New York,2025-07-21,26.7,30.6,26.21,0.49
New York,2025-07-22,22.75,26.1,26.17,-3.42
New York,2025-07-23,24.45,28.3,26.14,-1.69
New York,2025-07-24,26.4,30.6,26.13,0.27
New York,2025-07-25,31.4,37.2,26.12,5.28
New York,2025-07-26,26.65,29.4,26.13,0.52
New York,2025-07-27,27.2,31.1,26.13,1.07
New York,2025-07-28,29.7,35.0,26.12,3.58
New York,2025-07-29,31.4,37.8,26.13,5.27
New York,2025-07-30,31.1,37.2,26.12,4.98
New York,2025-07-31,24.75,30.6,26.07,-1.32
New York,2025-08-01,20.3,22.8,26.03,-5.73
New York,2025-08-02,22.75,27.2,26.0,-3.25
New York,2025-08-03,24.15,28.9,25.93,-1.78
New York,2025-08-04,26.7,31.7,25.84,0.86
New York,2025-08-05,25.0,28.3,25.77,-0.77
New York,2025-08-06,22.8,25.6,25.71,-2.91
New York,2025-08-07,23.35,26.7,25.62,-2.27
New York,2025-08-08,23.05,27.2,25.55,-2.5
New York,2025-08-09,23.9,28.9,25.5,-1.6
New York,2025-08-10,26.95,32.8,25.48,1.47
New York,2025-08-11,27.75,32.2,25.46,2.29
New York,2025-08-12,27.5,32.8,25.42,2.08
New York,2025-08-13,27.2,32.2,25.38,1.82
New York,2025-08-14,28.05,32.2,25.33,2.72
New York,2025-08-15,27.5,31.1,25.28,2.22
New York,2025-08-16,26.1,28.9,25.23,0.87
New York,2025-08-17,28.05,32.8,25.14,2.91
New York,2025-08-18,21.65,24.4,25.02,-3.37
New York,2025-08-19,21.1,24.4,24.93,-3.83
New York,2025-08-20,18.35,21.7,24.85,-6.5
New York,2025-08-21,19.7,23.3,24.77,-5.07
New York,2025-08-22,23.05,28.9,24.7,-1.65
New York,2025-08-23,24.2,27.8,24.63,-0.43
New York,2025-08-24,23.9,27.2,24.56,-0.66
New York,2025-08-25,26.1,30.0,24.46,1.64
New York,2025-08-26,22.5,26.7,24.36,-1.86
New York,2025-08-27,20.8,24.4,24.25,-3.45
New York,2025-08-28,21.95,26.1,24.13,-2.18
New York,2025-08-29,21.95,25.6,24.01,-2.06
New York,2025-08-30,19.7,24.4,23.91,-4.21
New York,2025-08-31,21.4,26.1,23.82,-2.42
New York,2025-09-01,21.65,25.0,23.68,-2.03
New York,2025-09-02,21.4,25.0,23.54,-2.14
New York,2025-09-03,21.95,26.1,23.4,-1.45
New York,2025-09-04,22.5,26.1,23.28,-0.78
New York,2025-09-05,23.85,28.3,23.14,0.71
New York,2025-09-06,24.45,30.0,23.0,1.45
New York,2025-09-07,18.35,21.1,22.87,-4.52
New York,2025-09-08,19.2,22.8,22.76,-3.56
New York,2025-09-09,18.9,22.2,22.64,-3.74
New York,2025-09-10,19.45,23.3,22.48,-3.03
New York,2025-09-11,21.7,25.6,22.31,-0.61
New York,2025-09-12,22.2,26.1,22.14,0.06
New York,2025-09-13,21.65,25.0,21.97,-0.32
New York,2025-09-14,23.3,27.2,21.8,1.5
New York,2025-09-15,23.05,26.7,21.56,1.49
New York,2025-09-16,20.8,23.3,21.32,-0.52
New York,2025-09-17,19.45,22.2,21.13,-1.68
New York,2025-09-18,24.15,29.4,20.96,3.19
New York,2025-09-19,24.45,28.3,20.79,3.66
New York,2025-09-20,19.45,22.8,20.58,-1.13
New York,2025-09-21,18.05,21.1,20.36,-2.31
New York,2025-09-22,18.3,22.2,20.18,-1.88
New York,2025-09-23,23.6,28.3,20.0,3.6
New York,2025-09-24,23.65,25.6,19.81,3.84
New York,2025-09-25,23.9,26.1,19.63,4.27
New York,2025-09-26,25.0,28.9,19.43,5.57
New York,2025-09-27,23.05,26.1,19.21,3.84
New York,2025-09-28,24.4,29.4,19.0,5.4
New York,2025-09-29,21.65,23.9,18.79,2.86
New York,2025-09-30,23.05,26.7,18.57,4.48
New York,2025-10-01,17.5,21.1,18.35,-0.85
New York,2025-10-02,15.55,18.9,18.15,-2.6
New York,2025-10-03,18.05,22.2,17.95,0.1
New York,2025-10-04,22.2,28.3,17.74,4.46
New York,2025-10-05,24.15,30.0,17.53,6.62
New York,2025-10-06,22.5,27.2,17.36,5.14
New York,2025-10-07,22.5,26.1,17.16,5.34
New York,2025-10-08,18.3,22.2,16.94,1.36
New York,2025-10-09,12.8,15.0,16.72,-3.92
New York,2025-10-10,13.05,17.2,16.52,-3.47
New York,2025-10-11,16.95,18.9,16.3,0.65
New York,2025-10-12,15.55,17.8,16.1,-0.55
New York,2025-10-13,13.6,15.0,15.87,-2.27
New York,2025-10-14,13.9,16.1,15.61,-1.71
New York,2025-10-15,16.15,20.6,15.37,0.78
New York,2025-10-16,12.5,16.1,15.21,-2.71
New York,2025-10-17,13.85,18.3,15.08,-1.23
New York,2025-10-18,15.0,18.9,14.9,0.1
New York,2025-10-19,17.25,21.7,14.7,2.55
New York,2025-10-20,16.95,20.0,14.46,2.49
New York,2025-10-21,15.25,19.4,14.26,0.99
New York,2025-10-22,15.3,17.8,14.08,1.22
New York,2025-10-23,13.6,16.1,13.87,-0.27
New York,2025-10-24,12.25,15.6,13.63,-1.38
New York,2025-10-25,12.25,15.6,13.39,-1.14
New York,2025-10-26,12.5,15.0,13.18,-0.68
New York,2025-10-27,10.0,13.3,12.95,-2.95
New York,2025-10-28,10.55,13.9,12.77,-2.22
New York,2025-10-29,11.35,13.3,12.57,-1.22
New York,2025-10-30,14.45,18.3,12.37,2.08
New York,2025-10-31,13.35,15.6,12.2,1.15
New York,2025-11-01,12.2,14.4,12.0,0.2
New York,2025-11-02,11.7,15.6,11.78,-0.08
New York,2025-11-03,12.8,15.0,11.57,1.23
New York,2025-11-04,12.75,16.1,11.38,1.37
New York,2025-11-05,14.15,18.9,11.18,2.97
New York,2025-11-06,10.55,13.9,10.97,-0.42
New York,2025-11-07,10.6,15.6,10.78,-0.18
New York,2025-11-08,15.8,19.4,10.57,5.23
New York,2025-11-09,14.7,18.3,10.37,4.33
New York,2025-11-10,8.6,15.0,10.15,-1.55
New York,2025-11-11,3.35,5.6,9.99,-6.64
New York,2025-11-12,7.25,10.6,9.84,-2.59
New York,2025-11-13,8.1,10.6,9.7,-1.6
New York,2025-11-14,8.1,10.6,9.58,-1.48
New York,2025-11-15,7.5,10.6,9.45,-1.95
New York,2025-11-16,9.15,13.3,9.29,-0.14
New York,2025-11-17,5.55,7.8,9.09,-3.54
New York,2025-11-18,5.55,7.8,8.92,-3.37
New York,2025-11-19,6.65,8.9,8.75,-2.1
New York,2025-11-20,6.4,8.9,8.6,-2.2
New York,2025-11-21,8.9,11.7,8.44,0.46
New York,2025-11-22,8.1,10.6,8.21,-0.11
New York,2025-11-23,6.4,10.0,7.97,-1.57
New York,2025-11-24,9.15,11.1,7.77,1.38
New York,2025-11-25,10.55,13.9,7.59,2.96
New York,2025-11-26,12.8,15.6,7.4,5.4
New York,2025-11-27,6.4,10.0,7.23,-0.83
New York,2025-11-28,4.2,6.7,7.06,-2.86
New York,2025-11-29,3.6,6.1,6.92,-3.32
New York,2025-11-30,5.25,8.3,6.77,-1.52
New York,2025-12-01,3.9,6.1,6.58,-2.68
New York,2025-12-02,3.35,5.6,6.4,-3.05
New York,2025-12-03,3.1,5.6,6.25,-3.15
New York,2025-12-04,1.1,6.1,6.1,-5.0
New York,2025-12-05,-3.35,0.0,5.94,-9.29
New York,2025-12-06,3.05,6.1,5.77,-2.72
New York,2025-12-07,4.15,6.1,5.66,-1.51
New York,2025-12-08,-0.3,4.4,5.54,-5.84
New York,2025-12-09,-2.5,1.7,5.46,-7.96
New York,2025-12-10,4.45,8.3,5.34,-0.89
New York,2025-12-11,1.65,5.0,5.21,-3.56
New York,2025-12-12,-0.55,2.2,5.03,-5.58
New York,2025-12-13,1.4,5.0,4.86,-3.46
New York,2025-12-14,-2.5,1.1,4.69,-7.19
New York,2025-12-15,-3.6,-1.1,4.51,-8.11
New York,2025-12-16,-1.65,0.6,4.35,-6.0
New York,2025-12-17,3.9,8.9,4.18,-0.28
New York,2025-12-18,5.85,10.6,4.04,1.81
New York,2025-12-19,5.25,14.4,3.89,1.36
New York,2025-12-20,1.35,3.3,3.77,-2.42
New York,2025-12-21,3.6,8.3,3.64,-0.04
New York,2025-12-22,1.35,4.4,3.49,-2.14
New York,2025-12-23,3.05,5.0,3.39,-0.34
New York,2025-12-24,4.75,7.8,3.32,1.43
New York,2025-12-25,3.6,8.9,3.25,0.35
New York,2025-12-26,-4.15,-2.2,3.16,-7.31
New York,2025-12-27,-2.25,-0.6,3.07,-5.32
New York,2025-12-28,-0.8,2.8,3.05,-3.85
New York,2025-12-29,4.7,10.0,3.01,1.69
New York,2025-12-30,-1.1,0.6,2.89,-3.99
New York,2025-12-31,-1.1,0.6,2.75,-3.85
London,2025-01-01,8.8,12.5,5.49,3.31
London,2025-01-02,2.75,6.1,5.46,-2.71
London,2025-01-03,1.3,5.5,5.45,-4.15
London,2025-01-04,0.65,3.6,5.42,-4.77
London,2025-01-05,6.9,13.4,5.42,1.48
London,2025-01-06,7.65,12.7,5.4,2.25
London,2025-01-07,3.5,6.1,5.36,-1.86
London,2025-01-08,1.0,3.7,5.32,-4.32
London,2025-01-09,1.95,4.0,5.28,-3.33
London,2025-01-10,-1.1,2.1,5.26,-6.36
London,2025-01-11,-0.15,5.2,5.25,-5.4
London,2025-01-12,-0.5,4.2,5.24,-5.74
London,2025-01-13,4.95,6.9,5.26,-0.31
London,2025-01-14,6.25,10.4,5.28,0.97
London,2025-01-15,7.85,9.5,5.27,2.58
London,2025-01-16,7.8,10.0,5.28,2.52
London,2025-01-17,6.05,8.4,5.28,0.77
London,2025-01-18,3.35,4.8,5.26,-1.91
London,2025-01-19,2.85,3.6,5.26,-2.41
London,2025-01-20,4.6,6.8,5.31,-0.71
London,2025-01-21,4.15,6.6,5.31,-1.16
London,2025-01-22,3.6,5.0,5.32,-1.72
London,2025-01-23,4.75,8.5,5.3,-0.55
London,2025-01-24,8.4,11.6,5.26,3.14
London,2025-01-25,5.75,8.7,5.24,0.51
London,2025-01-26,4.3,9.9,5.21,-0.91
London,2025-01-27,8.1,10.1,5.2,2.9
London,2025-01-28,8.0,10.0,5.21,2.79
London,2025-01-29,6.55,9.1,5.18,1.37
London,2025-01-30,5.0,8.5,5.16,-0.16
London,2025-01-31,5.7,8.7,5.16,0.54
London,2025-02-01,3.45,5.7,5.17,-1.72
London,2025-02-02,3.85,8.7,5.21,-1.36
London,2025-02-03,3.75,8.5,5.24,-1.49
London,2025-02-04,6.75,10.1,5.26,1.49
London,2025-02-05,5.95,9.9,5.28,0.67
London,2025-02-06,4.85,8.8,5.32,-0.47
London,2025-02-07,4.35,6.3,5.36,-1.01
London,2025-02-08,4.55,6.2,5.41,-0.86
London,2025-02-09,3.35,6.4,5.45,-2.1
London,2025-02-10,4.25,5.9,5.49,-1.24
London,2025-02-11,3.55,4.7,5.54,-1.99
London,2025-02-12,4.7,5.7,5.58,-0.88
London,2025-02-13,3.9,4.6,5.59,-1.69
London,2025-02-14,3.65,6.9,5.62,-1.97
London,2025-02-15,3.6,6.4,5.65,-2.05
London,2025-02-16,3.05,5.8,5.68,-2.63
London,2025-02-17,2.85,7.0,5.7,-2.85
London,2025-02-18,3.9,8.2,5.74,-1.84
London,2025-02-19,4.6,9.4,5.8,-1.2
London,2025-02-20,9.9,13.1,5.85,4.05
London,2025-02-21,13.0,15.0,5.92,7.08
London,2025-02-22,10.75,14.0,5.99,4.76
London,2025-02-23,8.7,11.4,6.07,2.63
London,2025-02-24,11.5,14.9,6.16,5.34
London,2025-02-25,8.55,12.0,6.26,2.29
London,2025-02-26,6.1,9.5,6.35,-0.25
London,2025-02-27,6.9,10.6,6.42,0.48
London,2025-02-28,5.4,10.9,6.52,-1.12
London,2025-03-01,4.9,10.9,6.64,-1.74
London,2025-03-02,4.9,11.3,6.77,-1.87
London,2025-03-03,6.05,13.6,6.84,-0.79
London,2025-03-04,6.2,13.7,6.91,-0.71
London,2025-03-05,7.1,14.5,6.96,0.14
London,2025-03-06,9.4,17.4,7.02,2.38
London,2025-03-07,12.05,16.9,7.1,4.95
London,2025-03-08,12.4,17.1,7.18,5.22
London,2025-03-09,12.9,18.1,7.25,5.65
London,2025-03-10,10.5,13.5,7.33,3.17
London,2025-03-11,7.9,10.6,7.39,0.51
London,2025-03-12,6.45,9.4,7.44,-0.99
London,2025-03-13,5.2,8.7,7.52,-2.32
London,2025-03-14,3.95,9.0,7.6,-3.65
London,2025-03-15,5.05,8.9,7.69,-2.64
London,2025-03-16,4.2,9.4,7.82,-3.62
London,2025-03-17,6.25,8.4,7.93,-1.68
London,2025-03-18,6.55,11.3,8.05,-1.5
London,2025-03-19,9.25,18.0,8.17,1.08
London,2025-03-20,13.75,20.5,8.27,5.48
London,2025-03-21,13.55,17.4,8.37,5.18
London,2025-03-22,13.75,16.6,8.47,5.28
London,2025-03-23,11.4,14.4,8.52,2.88
London,2025-03-24,10.5,14.1,8.56,1.94
London,2025-03-25,9.45,15.5,8.63,0.82
London,2025-03-26,13.15,17.9,8.72,4.43
London,2025-03-27,10.3,16.3,8.78,1.52
London,2025-03-28,11.3,15.7,8.83,2.47
London,2025-03-29,8.7,14.7,8.89,-0.19
London,2025-03-30,13.7,17.8,8.94,4.76
London,2025-03-31,11.1,17.5,8.99,2.11
London,2025-04-01,9.75,14.6,9.02,0.73
London,2025-04-02,11.85,17.1,9.07,2.78
London,2025-04-03,14.05,19.2,9.14,4.91
London,2025-04-04,15.9,22.1,9.2,6.7
London,2025-04-05,12.4,18.9,9.3,3.1
London,2025-04-06,10.7,16.4,9.41,1.29
London,2025-04-07,9.95,16.0,9.55,0.4
London,2025-04-08,10.4,17.2,9.68,0.72
London,2025-04-09,9.15,14.8,9.81,-0.66
London,2025-04-10,10.3,15.9,9.92,0.38
London,2025-04-11,13.6,22.0,10.02,3.58
London,2025-04-12,15.25,22.5,10.12,5.13
London,2025-04-13,15.05,19.9,10.22,4.83
London,2025-04-14,10.45,16.0,10.3,0.15
London,2025-04-15,13.1,17.1,10.37,2.73
London,2025-04-16,11.5,16.0,10.43,1.07
London,2025-04-17,10.95,18.5,10.51,0.44
London,2025-04-18,12.65,17.5,10.58,2.07
London,2025-04-19,13.25,17.7,10.65,2.6
London,2025-04-20,10.6,15.2,10.73,-0.13
London,2025-04-21,12.5,15.7,10.84,1.66
London,2025-04-22,12.0,18.1,10.94,1.06
London,2025-04-23,11.15,14.3,11.06,0.09
London,2025-04-24,12.2,15.7,11.18,1.02
London,2025-04-25,11.65,17.4,11.31,0.34
London,2025-04-26,13.4,19.0,11.4,2.0
London,2025-04-27,13.55,21.2,11.5,2.05
London,2025-04-28,16.2,23.5,11.6,4.6
London,2025-04-29,16.55,23.8,11.71,4.84
London,2025-04-30,17.7,26.5,11.82,5.88
London,2025-05-01,19.4,27.9,11.92,7.48
London,2025-05-02,19.45,24.6,12.02,7.43
London,2025-05-03,15.1,19.9,12.11,2.99
London,2025-05-04,11.2,15.0,12.22,-1.02
London,2025-05-05,10.1,14.9,12.35,-2.25
London,2025-05-06,10.55,16.1,12.45,-1.9
London,2025-05-07,11.45,17.1,12.55,-1.1
London,2025-05-08,13.05,17.0,12.64,0.41
London,2025-05-09,12.75,19.6,12.74,0.01
London,2025-05-10,15.65,23.5,12.83,2.82
London,2025-05-11,17.45,25.7,12.93,4.52
London,2025-05-12,19.15,23.9,13.04,6.11
London,2025-05-13,19.25,25.5,13.15,6.1
London,2025-05-14,16.35,23.9,13.25,3.1
London,2025-05-15,14.15,19.8,13.37,0.78
London,2025-05-16,13.35,19.3,13.51,-0.16
London,2025-05-17,14.8,19.2,13.63,1.17
London,2025-05-18,13.85,18.2,13.78,0.07
London,2025-05-19,16.15,21.7,13.9,2.25
London,2025-05-20,15.6,23.0,14.01,1.59
London,2025-05-21,16.55,21.2,14.11,2.44
London,2025-05-22,11.5,15.8,14.21,-2.71
London,2025-05-23,13.95,21.9,14.31,-0.36
London,2025-05-24,17.25,21.9,14.4,2.85
London,2025-05-25,17.5,21.9,14.5,3.0
London,2025-05-26,16.0,20.8,14.59,1.41
London,2025-05-27,15.2,17.5,14.67,0.53
London,2025-05-28,17.8,21.7,14.77,3.03
London,2025-05-29,19.45,25.6,14.88,4.57
London,2025-05-30,20.25,25.7,15.0,5.25
London,2025-05-31,20.9,26.8,15.11,5.79
London,2025-06-01,18.2,23.6,15.22,2.98
London,2025-06-02,17.25,22.6,15.35,1.9
London,2025-06-03,15.65,20.0,15.49,0.16
London,2025-06-04,15.35,20.1,15.62,-0.27
London,2025-06-05,14.3,16.6,15.73,-1.43
London,2025-06-06,16.1,21.7,15.83,0.27
London,2025-06-07,14.3,17.3,15.9,-1.6
London,2025-06-08,14.0,19.6,15.98,-1.98
London,2025-06-09,16.35,21.9,16.05,0.3
London,2025-06-10,18.75,23.1,16.12,2.63
London,2025-06-11,18.1,24.3,16.23,1.87
London,2025-06-12,19.6,25.4,16.34,3.26
London,2025-06-13,22.0,28.9,16.44,5.56
London,2025-06-14,21.4,26.5,16.55,4.85
London,2025-06-15,18.95,25.2,16.65,2.3
London,2025-06-16,19.7,26.5,16.75,2.95
London,2025-06-17,20.95,27.9,16.84,4.11
London,2025-06-18,21.45,29.2,16.9,4.55
London,2025-06-19,24.45,32.2,16.99,7.46
London,2025-06-20,24.35,30.9,17.11,7.24
London,2025-06-21,24.4,32.1,17.21,7.19
London,2025-06-22,22.7,29.4,17.3,5.4
London,2025-06-23,19.8,23.8,17.37,2.43
London,2025-06-24,20.85,27.8,17.46,3.39
London,2025-06-25,21.65,27.6,17.52,4.13
London,2025-06-26,22.15,26.7,17.59,4.56
London,2025-06-27,20.3,27.5,17.66,2.64
London,2025-06-28,24.65,30.6,17.73,6.92
London,2025-06-29,24.6,30.2,17.8,6.8
London,2025-06-30,25.3,33.1,17.87,7.43
London,2025-07-01,28.05,33.9,17.96,10.09
London,2025-07-02,24.45,31.7,18.03,6.42
London,2025-07-03,18.85,25.9,18.11,0.74
London,2025-07-04,20.75,28.6,18.18,2.57
London,2025-07-05,21.55,26.3,18.25,3.3
London,2025-07-06,19.95,22.9,18.31,1.64
London,2025-07-07,17.9,22.4,18.36,-0.46
London,2025-07-08,18.8,25.2,18.46,0.34
London,2025-07-09,20.0,27.3,18.54,1.46
London,2025-07-10,24.1,31.7,18.62,5.48
London,2025-07-11,24.75,32.4,18.68,6.07
London,2025-07-12,24.5,30.2,18.72,5.78
London,2025-07-13,21.95,28.5,18.77,3.18
London,2025-07-14,22.9,27.7,18.82,4.08
London,2025-07-15,18.95,23.7,18.86,0.09
London,2025-07-16,20.2,26.0,18.9,1.3
London,2025-07-17,23.0,27.1,18.94,4.06
London,2025-07-18,24.25,30.9,18.97,5.28
London,2025-07-19,23.05,28.4,19.02,4.03
London,2025-07-20,20.15,23.1,19.04,1.11
London,2025-07-21,20.1,25.8,19.08,1.02
London,2025-07-22,19.45,23.3,19.12,0.33
London,2025-07-23,19.4,22.5,19.17,0.23
London,2025-07-24,18.1,20.8,19.22,-1.12
London,2025-07-25,21.35,26.9,19.25,2.1
London,2025-07-26,20.45,25.9,19.29,1.16
London,2025-07-27,19.4,23.4,19.32,0.08
London,2025-07-28,19.55,25.2,19.36,0.19
London,2025-07-29,19.8,24.8,19.38,0.42
London,2025-07-30,21.05,25.1,19.38,1.67
London,2025-07-31,20.05,24.3,19.39,0.66
London,2025-08-01,17.55,22.0,19.36,-1.81
London,2025-08-02,17.45,22.8,19.35,-1.9
London,2025-08-03,19.15,25.5,19.33,-0.18
London,2025-08-04,20.45,24.5,19.3,1.15
London,2025-08-05,17.7,23.3,19.27,-1.57
London,2025-08-06,17.7,24.5,19.25,-1.55
London,2025-08-07,19.8,24.9,19.25,0.55
London,2025-08-08,20.55,26.5,19.19,1.36
London,2025-08-09,20.05,26.6,19.12,0.93
London,2025-08-10,20.0,27.5,19.07,0.93
London,2025-08-11,23.5,31.9,19.03,4.47
London,2025-08-12,25.85,33.3,18.98,6.87
London,2025-08-13,24.2,30.6,18.9,5.3
London,2025-08-14,22.6,28.9,18.83,3.77
London,2025-08-15,23.1,30.2,18.75,4.35
London,2025-08-16,18.65,21.1,18.68,-0.03
London,2025-08-17,19.85,27.2,18.57,1.28
London,2025-08-18,20.3,23.3,18.48,1.82
London,2025-08-19,21.05,25.8,18.4,2.65
London,2025-08-20,18.75,22.5,18.33,0.42
London,2025-08-21,17.6,21.1,18.25,-0.65
London,2025-08-22,16.4,23.3,18.15,-1.75
London,2025-08-23,19.8,23.2,18.05,1.75
London,2025-08-24,19.95,25.9,17.95,2.0
London,2025-08-25,20.45,27.8,17.86,2.59
London,2025-08-26,20.55,25.6,17.77,2.78
London,2025-08-27,17.25,21.5,17.67,-0.42
London,2025-08-28,16.75,20.7,17.57,-0.82
London,2025-08-29,17.35,20.5,17.47,-0.12
London,2025-08-30,16.95,21.2,17.38,-0.43
London,2025-08-31,17.8,22.2,17.26,0.54
London,2025-09-01,17.6,21.6,17.16,0.44
London,2025-09-02,15.1,18.1,17.04,-1.94
London,2025-09-03,18.85,22.3,16.91,1.94
London,2025-09-04,16.95,20.2,16.8,0.15
London,2025-09-05,16.8,22.4,16.7,0.1
London,2025-09-06,17.8,23.7,16.61,1.19
London,2025-09-07,19.45,24.9,16.49,2.96
London,2025-09-08,17.5,21.6,16.39,1.11
London,2025-09-09,15.5,21.2,16.29,-0.79
London,2025-09-10,16.4,18.6,16.16,0.24
London,2025-09-11,15.45,18.8,16.04,-0.59
London,2025-09-12,15.15,19.3,15.93,-0.78
London,2025-09-13,15.5,19.3,15.82,-0.32
London,2025-09-14,13.3,17.9,15.74,-2.44
London,2025-09-15,16.45,18.9,15.66,0.79
London,2025-09-16,15.45,19.2,15.56,-0.11
London,2025-09-17,15.85,18.7,15.47,0.38
London,2025-09-18,19.2,21.8,15.36,3.84
London,2025-09-19,20.7,26.9,15.22,5.48
London,2025-09-20,17.25,20.7,15.07,2.18
London,2025-09-21,13.05,16.5,14.93,-1.88
London,2025-09-22,12.05,16.5,14.78,-2.73
London,2025-09-23,11.25,17.5,14.65,-3.4
London,2025-09-24,14.05,18.4,14.55,-0.5
London,2025-09-25,14.05,19.2,14.44,-0.39
London,2025-09-26,11.8,14.9,14.33,-2.53
London,2025-09-27,14.65,18.1,14.2,0.45
London,2025-09-28,12.4,15.7,14.07,-1.67
London,2025-09-29,12.45,18.5,13.94,-1.49
London,2025-09-30,14.0,20.3,13.8,0.2
London,2025-10-01,14.1,18.6,13.66,0.44
London,2025-10-02,14.5,18.7,13.52,0.98
London,2025-10-03,16.15,18.1,13.38,2.77
London,2025-10-04,14.4,17.6,13.25,1.15
London,2025-10-05,13.6,17.0,13.08,0.52
London,2025-10-06,15.4,20.9,12.93,2.47
London,2025-10-07,14.65,18.3,12.76,1.89
London,2025-10-08,14.4,16.6,12.63,1.77
London,2025-10-09,13.15,17.0,12.51,0.64
London,2025-10-10,13.5,15.5,12.39,1.11
London,2025-10-11,13.2,16.4,12.27,0.93
London,2025-10-12,11.15,15.6,12.14,-0.99
London,2025-10-13,14.35,16.1,12.0,2.35
London,2025-10-14,12.65,14.1,11.87,0.78
London,2025-10-15,11.95,13.5,11.74,0.21
London,2025-10-16,12.9,15.6,11.6,1.3
London,2025-10-17,13.75,15.1,11.47,2.28
London,2025-10-18,13.5,15.4,11.33,2.17
London,2025-10-19,13.4,15.3,11.22,2.18
London,2025-10-20,13.0,14.7,11.12,1.88
London,2025-10-21,13.4,15.9,11.01,2.39
London,2025-10-22,12.15,15.8,10.88,1.27
London,2025-10-23,9.85,12.9,10.79,-0.94
London,2025-10-24,9.2,13.0,10.67,-1.47
London,2025-10-25,9.55,11.8,10.51,-0.96
London,2025-10-26,7.75,11.4,10.38,-2.63
London,2025-10-27,11.4,13.6,10.23,1.17
London,2025-10-28,13.4,15.3,10.12,3.28
London,2025-10-29,9.8,13.0,10.0,-0.2
London,2025-10-30,9.15,13.8,9.89,-0.74
London,2025-10-31,14.65,16.2,9.79,4.86
London,2025-11-01,12.3,15.8,9.67,2.63
London,2025-11-02,9.95,13.4,9.55,0.4
London,2025-11-03,11.2,16.0,9.47,1.73
London,2025-11-04,14.7,16.0,9.36,5.34
London,2025-11-05,15.95,17.9,9.24,6.71
London,2025-11-06,14.95,17.0,9.09,5.86
London,2025-11-07,12.9,15.1,8.97,3.93
London,2025-11-08,11.9,15.0,8.86,3.04
London,2025-11-09,10.0,14.1,8.74,1.26
London,2025-11-10,11.5,13.9,8.63,2.87
London,2025-11-11,10.85,15.0,8.55,2.3
London,2025-11-12,14.7,16.7,8.44,6.26
London,2025-11-13,15.25,18.0,8.35,6.9
London,2025-11-14,13.7,14.4,8.25,5.45
London,2025-11-15,12.2,14.1,8.13,4.07
London,2025-11-16,9.05,10.6,8.01,1.04
London,2025-11-17,5.0,8.4,7.89,-2.89
London,2025-11-18,3.45,7.8,7.8,-4.35
London,2025-11-19,3.1,5.6,7.68,-4.58
London,2025-11-20,1.65,4.2,7.57,-5.92
London,2025-11-21,3.7,7.1,7.47,-3.77
London,2025-11-22,4.05,8.1,7.38,-3.33
London,2025-11-23,7.75,10.3,7.28,0.47
London,2025-11-24,6.15,7.6,7.18,-1.03
London,2025-11-25,5.15,7.1,7.09,-1.94
London,2025-11-26,3.85,8.6,6.99,-3.14
London,2025-11-27,11.45,13.8,6.89,4.56
London,2025-11-28,10.85,12.7,6.8,4.05
London,2025-11-29,8.1,11.5,6.68,1.42
London,2025-11-30,5.7,8.8,6.59,-0.89
London,2025-12-01,9.45,11.9,6.51,2.94
London,2025-12-02,9.6,11.9,6.45,3.15
London,2025-12-03,6.75,10.8,6.39,0.36
London,2025-12-04,5.9,8.4,6.32,-0.42
London,2025-12-05,4.95,10.4,6.25,-1.3
London,2025-12-06,10.8,12.6,6.22,4.58
London,2025-12-07,11.05,14.6,6.21,4.84
London,2025-12-08,12.1,14.3,6.18,5.92
London,2025-12-09,12.75,14.2,6.16,6.59
London,2025-12-10,10.9,13.2,6.1,4.8
London,2025-12-11,9.05,12.0,6.03,3.02
London,2025-12-12,9.55,12.3,5.96,3.59
London,2025-12-13,6.75,10.3,5.87,0.88
London,2025-12-14,8.3,11.2,5.79,2.51
London,2025-12-15,10.8,11.7,5.73,5.07
London,2025-12-16,8.45,11.8,5.67,2.78
London,2025-12-17,6.1,10.8,5.63,0.47
London,2025-12-18,11.1,12.3,5.59,5.51
London,2025-12-19,8.95,11.4,5.53,3.42
London,2025-12-20,6.15,9.7,5.48,0.67
London,2025-12-21,8.9,10.7,5.47,3.43
London,2025-12-22,9.8,11.3,5.45,4.35
London,2025-12-23,7.4,8.6,5.44,1.96
London,2025-12-24,5.0,6.4,5.45,-0.45
London,2025-12-25,4.3,5.8,5.45,-1.15
London,2025-12-26,4.85,6.5,5.46,-0.61
London,2025-12-27,4.7,7.5,5.46,-0.76
London,2025-12-28,6.45,7.2,5.46,0.99
London,2025-12-29,5.7,6.6,5.47,0.23
London,2025-12-30,4.3,6.9,5.48,-1.18
London,2025-12-31,0.85,2.8,5.5,-4.65
Madrid,2025-01-01,4.65,12.2,5.82,-1.17
Madrid,2025-01-02,4.95,11.9,5.8,-0.85
Madrid,2025-01-03,3.75,9.0,5.79,-2.04
Madrid,2025-01-04,3.5,7.0,5.78,-2.28
Madrid,2025-01-05,7.75,10.8,5.76,1.99
Madrid,2025-01-06,8.85,11.6,5.73,3.12
Madrid,2025-01-07,6.3,9.7,5.7,0.6
Madrid,2025-01-08,9.85,12.2,5.71,4.14
Madrid,2025-01-09,10.95,14.9,5.72,5.23
Madrid,2025-01-10,9.85,14.3,5.71,4.14
Madrid,2025-01-11,13.6,19.9,5.71,7.89
Madrid,2025-01-12,8.95,15.2,5.72,3.23
Madrid,2025-01-13,4.1,13.3,5.75,-1.65
Madrid,2025-01-14,4.05,12.9,5.78,-1.73
Madrid,2025-01-15,2.85,12.8,5.79,-2.94
Madrid,2025-01-16,5.4,14.6,5.82,-0.42
Madrid,2025-01-17,6.0,12.4,5.82,0.18
Madrid,2025-01-18,4.35,12.1,5.82,-1.47
Madrid,2025-01-19,3.0,10.8,5.84,-2.84
Madrid,2025-01-20,5.3,7.4,5.87,-0.57
Madrid,2025-01-21,8.5,11.1,5.91,2.59
Madrid,2025-01-22,10.9,13.1,5.96,4.94
Madrid,2025-01-23,11.65,15.4,6.01,5.64
Madrid,2025-01-24,11.0,13.6,6.04,4.96
Madrid,2025-01-25,9.75,12.9,6.05,3.7
Madrid,2025-01-26,8.6,12.9,6.09,2.51
Madrid,2025-01-27,11.35,15.6,6.13,5.22
Madrid,2025-01-28,8.55,11.6,6.2,2.35
Madrid,2025-01-29,6.05,8.6,6.29,-0.24
Madrid,2025-01-30,6.6,12.2,6.37,0.23
Madrid,2025-01-31,6.25,12.6,6.43,-0.18
Madrid,2025-02-01,6.4,14.4,6.47,-0.07
Madrid,2025-02-02,4.6,11.0,6.53,-1.93
Madrid,2025-02-03,7.05,12.9,6.57,0.48
Madrid,2025-02-04,6.35,14.2,6.62,-0.27
Madrid,2025-02-05,7.35,16.4,6.66,0.69
Madrid,2025-02-06,6.15,14.8,6.72,-0.57
Madrid,2025-02-07,3.35,9.1,6.79,-3.44
Madrid,2025-02-08,6.4,12.1,6.83,-0.43
Madrid,2025-02-09,7.1,14.2,6.88,0.22
Madrid,2025-02-10,9.7,14.4,6.94,2.76
Madrid,2025-02-11,8.8,14.7,7.0,1.8
Madrid,2025-02-12,9.1,14.2,7.06,2.04
Madrid,2025-02-13,8.0,15.7,7.11,0.89
Madrid,2025-02-14,9.6,17.3,7.18,2.42
Madrid,2025-02-15,9.2,16.8,7.24,1.96
Madrid,2025-02-16,10.45,19.0,7.31,3.14
Madrid,2025-02-17,9.5,16.1,7.39,2.11
Madrid,2025-02-18,10.8,17.7,7.48,3.32
Madrid,2025-02-19,12.0,17.6,7.56,4.44
Madrid,2025-02-20,11.1,18.3,7.65,3.45
Madrid,2025-02-21,10.75,16.9,7.72,3.03
Madrid,2025-02-22,10.05,14.7,7.8,2.25
Madrid,2025-02-23,8.9,17.4,7.91,0.99
Madrid,2025-02-24,9.45,16.4,8.04,1.41
Madrid,2025-02-25,9.65,14.6,8.19,1.46
Madrid,2025-02-26,7.25,14.7,8.3,-1.05
Madrid,2025-02-27,8.5,13.8,8.42,0.08
Madrid,2025-02-28,10.2,17.5,8.54,1.66
Madrid,2025-03-01,7.4,10.7,8.66,-1.26
Madrid,2025-03-02,4.05,5.2,8.75,-4.7
Madrid,2025-03-03,7.75,10.5,8.88,-1.13
Madrid,2025-03-04,11.55,16.5,9.01,2.54
Madrid,2025-03-05,11.0,13.8,9.15,1.85
Madrid,2025-03-06,11.3,14.1,9.29,2.01
Madrid,2025-03-07,9.95,12.6,9.41,0.54
Madrid,2025-03-08,8.65,11.5,9.52,-0.87
Madrid,2025-03-09,6.95,11.4,9.63,-2.68
Madrid,2025-03-10,8.65,11.7,9.72,-1.07
Madrid,2025-03-11,8.85,11.6,9.82,-0.97
Madrid,2025-03-12,8.3,13.9,9.91,-1.61
Madrid,2025-03-13,8.3,12.3,10.01,-1.71
Madrid,2025-03-14,6.9,11.4,10.12,-3.22
Madrid,2025-03-15,4.75,11.2,10.24,-5.49
Madrid,2025-03-16,8.0,12.1,10.37,-2.37
Madrid,2025-03-17,6.2,9.0,10.47,-4.27
Madrid,2025-03-18,9.85,12.7,10.55,-0.7
Madrid,2025-03-19,12.3,17.2,10.64,1.66
Madrid,2025-03-20,12.8,16.2,10.74,2.06
Madrid,2025-03-21,9.95,12.5,10.82,-0.87
Madrid,2025-03-22,8.55,11.8,10.91,-2.36
Madrid,2025-03-23,8.05,12.7,11.01,-2.96
Madrid,2025-03-24,7.75,14.8,11.11,-3.36
Madrid,2025-03-25,11.2,17.1,11.19,0.01
Madrid,2025-03-26,9.75,17.0,11.26,-1.51
Madrid,2025-03-27,8.8,16.4,11.29,-2.49
Madrid,2025-03-28,10.8,18.2,11.34,-0.54
Madrid,2025-03-29,10.35,18.1,11.41,-1.06
Madrid,2025-03-30,11.15,21.3,11.47,-0.32
Madrid,2025-03-31,14.8,26.0,11.54,3.26
Madrid,2025-04-01,14.1,23.4,11.58,2.52
Madrid,2025-04-02,13.2,18.9,11.66,1.54
Madrid,2025-04-03,9.7,11.1,11.71,-2.01
Madrid,2025-04-04,12.3,16.7,11.77,0.53
Madrid,2025-04-05,11.95,16.7,11.83,0.12
Madrid,2025-04-06,13.35,19.6,11.89,1.46
Madrid,2025-04-07,14.7,23.2,11.97,2.73
Madrid,2025-04-08,15.8,24.9,12.07,3.73
Madrid,2025-04-09,16.25,25.0,12.16,4.09
Madrid,2025-04-10,15.9,23.4,12.28,3.62
Madrid,2025-04-11,13.3,16.3,12.39,0.91
Madrid,2025-04-12,13.4,17.2,12.49,0.91
Madrid,2025-04-13,15.4,19.5,12.6,2.8
Madrid,2025-04-14,14.05,18.2,12.71,1.34
Madrid,2025-04-15,9.75,13.7,12.78,-3.03
Madrid,2025-04-16,8.6,13.1,12.86,-4.26
Madrid,2025-04-17,13.2,19.3,12.95,0.25
Madrid,2025-04-18,14.6,19.6,13.06,1.54
Madrid,2025-04-19,10.4,14.2,13.17,-2.77
Madrid,2025-04-20,11.75,16.4,13.28,-1.53
Madrid,2025-04-21,12.4,18.8,13.38,-0.98
Madrid,2025-04-22,13.9,19.2,13.49,0.41
Madrid,2025-04-23,14.15,22.7,13.6,0.55
Madrid,2025-04-24,17.25,26.4,13.73,3.52
Madrid,2025-04-25,18.0,26.7,13.88,4.12
Madrid,2025-04-26,15.9,21.9,13.99,1.91
Madrid,2025-04-27,14.2,21.5,14.12,0.08
Madrid,2025-04-28,14.9,23.0,14.25,0.65
Madrid,2025-04-29,15.45,22.8,14.39,1.06
Madrid,2025-04-30,14.9,21.8,14.52,0.38
Madrid,2025-05-01,16.9,22.2,14.65,2.25
Madrid,2025-05-02,15.45,19.8,14.81,0.64
Madrid,2025-05-03,15.25,20.5,14.95,0.3
Madrid,2025-05-04,14.45,17.9,15.09,-0.64
Madrid,2025-05-05,14.05,18.1,15.21,-1.16
Madrid,2025-05-06,11.8,18.0,15.35,-3.55
Madrid,2025-05-07,13.95,21.1,15.49,-1.54
Madrid,2025-05-08,14.3,19.0,15.64,-1.34
Madrid,2025-05-09,13.6,18.8,15.79,-2.19
Madrid,2025-05-10,14.6,19.5,15.94,-1.34
Madrid,2025-05-11,13.55,19.8,16.09,-2.54
Madrid,2025-05-12,12.7,20.3,16.25,-3.55
Madrid,2025-05-13,14.8,22.0,16.41,-1.61
Madrid,2025-05-14,16.55,23.2,16.56,-0.01
Madrid,2025-05-15,14.75,19.9,16.73,-1.98
Madrid,2025-05-16,16.1,24.2,16.92,-0.82
Madrid,2025-05-17,17.35,25.6,17.12,0.23
Madrid,2025-05-18,18.95,27.9,17.32,1.63
Madrid,2025-05-19,16.45,20.7,17.51,-1.06
Madrid,2025-05-20,16.7,24.6,17.69,-0.99
Madrid,2025-05-21,18.3,27.2,17.85,0.45
Madrid,2025-05-22,18.25,24.0,18.03,0.22
Madrid,2025-05-23,16.65,24.8,18.19,-1.54
Madrid,2025-05-24,17.75,27.5,18.34,-0.59
Madrid,2025-05-25,19.95,30.0,18.46,1.49
Madrid,2025-05-26,21.7,30.2,18.56,3.14
Madrid,2025-05-27,23.35,32.2,18.71,4.64
Madrid,2025-05-28,23.0,33.0,18.87,4.13
Madrid,2025-05-29,24.8,34.2,19.05,5.75
Madrid,2025-05-30,25.75,34.9,19.22,6.53
Madrid,2025-05-31,25.3,35.2,19.4,5.9
Madrid,2025-06-01,25.7,34.5,19.55,6.15
Madrid,2025-06-02,24.8,32.6,19.71,5.09
Madrid,2025-06-03,21.2,26.3,19.88,1.32
Madrid,2025-06-04,19.25,26.0,20.08,-0.83
Madrid,2025-06-05,20.9,29.6,20.29,0.61
Madrid,2025-06-06,22.6,31.5,20.48,2.12
Madrid,2025-06-07,23.05,32.3,20.69,2.36
Madrid,2025-06-08,24.5,34.5,20.89,3.61
Madrid,2025-06-09,27.15,37.3,21.08,6.07
Madrid,2025-06-10,26.7,34.7,21.27,5.43
Madrid,2025-06-11,24.2,31.1,21.46,2.74
Madrid,2025-06-12,22.45,29.8,21.65,0.8
Madrid,2025-06-13,23.55,32.3,21.82,1.73
Madrid,2025-06-14,24.8,34.2,21.99,2.81
Madrid,2025-06-15,26.75,35.8,22.17,4.58
Madrid,2025-06-16,28.3,37.6,22.33,5.97
Madrid,2025-06-17,28.35,36.3,22.46,5.89
Madrid,2025-06-18,28.0,38.1,22.57,5.43
Madrid,2025-06-19,28.1,37.3,22.69,5.41
Madrid,2025-06-20,27.9,38.0,22.81,5.09
Madrid,2025-06-21,28.95,38.3,22.95,6.0
Madrid,2025-06-22,28.5,36.6,23.09,5.41
Madrid,2025-06-23,28.8,37.2,23.23,5.57
Madrid,2025-06-24,29.85,38.4,23.37,6.48
Madrid,2025-06-25,24.85,30.5,23.52,1.33
Madrid,2025-06-26,24.65,34.2,23.69,0.96
Madrid,2025-06-27,27.0,37.2,23.86,3.14
Madrid,2025-06-28,28.9,39.1,24.0,4.9
Madrid,2025-06-29,31.35,40.7,24.13,7.22
Madrid,2025-06-30,32.0,39.8,24.25,7.75
Madrid,2025-07-01,29.95,38.4,24.37,5.58
Madrid,2025-07-02,29.9,38.4,24.51,5.39
Madrid,2025-07-03,29.15,38.0,24.64,4.51
Madrid,2025-07-04,28.5,37.4,24.76,3.74
Madrid,2025-07-05,27.85,36.5,24.86,2.99
Madrid,2025-07-06,27.55,36.6,24.96,2.59
Madrid,2025-07-07,28.6,37.1,25.05,3.55
Madrid,2025-07-08,25.95,35.8,25.12,0.83
Madrid,2025-07-09,28.5,36.4,25.18,3.32
Madrid,2025-07-10,26.9,35.7,25.25,1.65
Madrid,2025-07-11,25.4,32.6,25.33,0.07
Madrid,2025-07-12,23.65,29.9,25.39,-1.74
Madrid,2025-07-13,24.6,32.5,25.44,-0.84
Madrid,2025-07-14,26.45,36.1,25.51,0.94
Madrid,2025-07-15,27.8,37.7,25.56,2.24
Madrid,2025-07-16,29.45,39.1,25.61,3.84
Madrid,2025-07-17,29.35,39.5,25.67,3.68
Madrid,2025-07-18,26.4,35.2,25.74,0.66
Madrid,2025-07-19,24.95,31.8,25.82,-0.87
Madrid,2025-07-20,25.0,30.8,25.89,-0.89
Madrid,2025-07-21,23.4,31.8,25.97,-2.57
Madrid,2025-07-22,24.7,34.4,26.02,-1.32
Madrid,2025-07-23,24.85,32.0,26.07,-1.22
Madrid,2025-07-24,23.3,30.3,26.1,-2.8
Madrid,2025-07-25,22.7,31.3,26.1,-3.4
Madrid,2025-07-26,24.8,33.9,26.11,-1.31
Madrid,2025-07-27,26.55,36.7,26.11,0.44
Madrid,2025-07-28,26.55,34.2,26.1,0.45
Madrid,2025-07-29,23.95,32.6,26.09,-2.14
Madrid,2025-07-30,24.9,34.2,26.07,-1.17
Madrid,2025-07-31,26.7,35.5,26.08,0.62
Madrid,2025-08-01,25.8,32.4,26.06,-0.26
Madrid,2025-08-02,26.85,35.8,26.04,0.81
Madrid,2025-08-03,29.1,38.1,26.01,3.09
Madrid,2025-08-04,29.4,38.6,26.0,3.4
Madrid,2025-08-05,30.25,40.1,25.99,4.26
Madrid,2025-08-06,30.2,38.2,25.95,4.25
Madrid,2025-08-07,29.55,39.7,25.9,3.65
Madrid,2025-08-08,30.25,40.2,25.85,4.4
Madrid,2025-08-09,30.15,39.9,25.81,4.34
Madrid,2025-08-10,30.1,39.1,25.75,4.35
Madrid,2025-08-11,30.55,40.0,25.69,4.86
Madrid,2025-08-12,32.4,40.4,25.63,6.77
Madrid,2025-08-13,30.15,37.3,25.56,4.59
Madrid,2025-08-14,28.85,38.6,25.47,3.38
Madrid,2025-08-15,30.8,39.6,25.39,5.41
Madrid,2025-08-16,30.3,40.9,25.29,5.01
Madrid,2025-08-17,30.8,41.2,25.18,5.62
Madrid,2025-08-18,28.75,35.9,25.08,3.67
Madrid,2025-08-19,24.5,33.2,24.98,-0.48
Madrid,2025-08-20,23.3,29.8,24.88,-1.58
Madrid,2025-08-21,22.4,30.1,24.75,-2.35
Madrid,2025-08-22,24.3,32.0,24.64,-0.34
Madrid,2025-08-23,24.85,33.8,24.52,0.33
Madrid,2025-08-24,25.8,34.4,24.41,1.39
Madrid,2025-08-25,27.6,34.8,24.32,3.28
Madrid,2025-08-26,27.75,35.5,24.22,3.53
Madrid,2025-08-27,28.3,34.1,24.11,4.19
Madrid,2025-08-28,22.1,28.0,23.98,-1.88
Madrid,2025-08-29,22.75,29.3,23.86,-1.11
Madrid,2025-08-30,24.85,32.5,23.72,1.13
Madrid,2025-08-31,21.55,29.0,23.54,-1.99
Madrid,2025-09-01,19.1,25.0,23.38,-4.28
Madrid,2025-09-02,18.7,27.8,23.21,-4.51
Madrid,2025-09-03,22.1,32.0,23.01,-0.91
Madrid,2025-09-04,23.5,31.4,22.81,0.69
Madrid,2025-09-05,24.85,33.1,22.61,2.24
Madrid,2025-09-06,25.9,33.0,22.43,3.47
Madrid,2025-09-07,23.7,27.2,22.27,1.43
Madrid,2025-09-08,23.15,29.5,22.08,1.07
Madrid,2025-09-09,21.4,28.2,21.89,-0.49
Madrid,2025-09-10,19.55,26.9,21.7,-2.15
Madrid,2025-09-11,21.95,30.4,21.48,0.47
Madrid,2025-09-12,22.7,30.9,21.28,1.42
Madrid,2025-09-13,22.9,30.9,21.07,1.83
Madrid,2025-09-14,22.45,32.4,20.88,1.57
Madrid,2025-09-15,23.95,33.8,20.71,3.24
Madrid,2025-09-16,25.35,35.0,20.54,4.81
Madrid,2025-09-17,25.6,35.6,20.37,5.23
Madrid,2025-09-18,25.85,36.8,20.2,5.65
Madrid,2025-09-19,26.9,34.9,20.01,6.89
Madrid,2025-09-20,25.2,32.3,19.81,5.39
Madrid,2025-09-21,20.0,25.9,19.63,0.37
Madrid,2025-09-22,15.8,22.4,19.44,-3.64
Madrid,2025-09-23,15.7,23.0,19.25,-3.55
Madrid,2025-09-24,14.7,22.5,19.05,-4.35
Madrid,2025-09-25,16.05,24.7,18.87,-2.82
Madrid,2025-09-26,16.15,26.8,18.71,-2.56
Madrid,2025-09-27,17.05,26.6,18.54,-1.49
Madrid,2025-09-28,18.7,22.4,18.33,0.37
Madrid,2025-09-29,20.0,24.4,18.12,1.88
Madrid,2025-09-30,19.2,23.8,17.91,1.29
Madrid,2025-10-01,19.55,27.8,17.73,1.82
Madrid,2025-10-02,19.3,29.4,17.54,1.76
Madrid,2025-10-03,19.1,29.0,17.37,1.73
Madrid,2025-10-04,21.2,30.8,17.21,3.99
Madrid,2025-10-05,19.7,26.3,17.04,2.66
Madrid,2025-10-06,17.8,26.8,16.86,0.94
Madrid,2025-10-07,19.8,29.3,16.67,3.13
Madrid,2025-10-08,20.45,28.9,16.49,3.96
Madrid,2025-10-09,20.3,26.4,16.32,3.98
Madrid,2025-10-10,17.75,23.5,16.15,1.6
Madrid,2025-10-11,18.2,24.7,16.0,2.2
Madrid,2025-10-12,19.0,23.9,15.87,3.13
Madrid,2025-10-13,19.4,24.9,15.75,3.65
Madrid,2025-10-14,17.9,25.7,15.61,2.29
Madrid,2025-10-15,17.85,26.3,15.44,2.41
Madrid,2025-10-16,18.0,25.8,15.25,2.75
Madrid,2025-10-17,17.2,23.0,15.07,2.13
Madrid,2025-10-18,16.45,25.5,14.89,1.56
Madrid,2025-10-19,15.8,23.7,14.72,1.08
Madrid,2025-10-20,19.0,22.0,14.53,4.47
Madrid,2025-10-21,18.4,23.1,14.33,4.07
Madrid,2025-10-22,19.1,22.7,14.13,4.97
Madrid,2025-10-23,20.5,23.7,13.95,6.55
Madrid,2025-10-24,19.1,22.4,13.76,5.34
Madrid,2025-10-25,17.65,21.6,13.58,4.07
Madrid,2025-10-26,13.0,18.7,13.4,-0.4
Madrid,2025-10-27,10.65,19.0,13.18,-2.53
Madrid,2025-10-28,11.9,21.5,12.97,-1.07
Madrid,2025-10-29,11.95,14.4,12.81,-0.86
Madrid,2025-10-30,13.75,16.6,12.64,1.11
Madrid,2025-10-31,12.6,16.8,12.47,0.13
Madrid,2025-11-01,15.35,18.8,12.28,3.07
Madrid,2025-11-02,13.2,18.8,12.09,1.11
Madrid,2025-11-03,11.9,20.0,11.91,-0.01
Madrid,2025-11-04,11.9,20.1,11.73,0.17
Madrid,2025-11-05,13.5,17.3,11.55,1.95
Madrid,2025-11-06,11.6,14.8,11.38,0.22
Madrid,2025-11-07,10.5,12.8,11.21,-0.71
Madrid,2025-11-08,10.45,16.1,11.04,-0.59
Madrid,2025-11-09,8.3,15.3,10.86,-2.56
Madrid,2025-11-10,9.0,16.3,10.67,-1.67
Madrid,2025-11-11,11.35,16.8,10.45,0.9
Madrid,2025-11-12,14.45,24.5,10.26,4.19
Madrid,2025-11-13,11.9,15.3,10.04,1.86
Madrid,2025-11-14,12.75,15.4,9.83,2.92
Madrid,2025-11-15,11.1,13.4,9.66,1.44
Madrid,2025-11-16,11.5,15.2,9.48,2.02
Madrid,2025-11-17,11.5,15.1,9.3,2.2
Madrid,2025-11-18,9.75,15.9,9.13,0.62
Madrid,2025-11-19,6.15,12.1,8.94,-2.79
Madrid,2025-11-20,5.55,11.4,8.8,-3.25
Madrid,2025-11-21,5.0,9.5,8.68,-3.68
Madrid,2025-11-22,3.55,10.3,8.52,-4.97
Madrid,2025-11-23,6.35,12.7,8.38,-2.03
Madrid,2025-11-24,10.45,12.5,8.26,2.19
Madrid,2025-11-25,8.35,13.0,8.14,0.21
Madrid,2025-11-26,6.35,11.9,8.01,-1.66
Madrid,2025-11-27,6.3,13.9,7.89,-1.59
Madrid,2025-11-28,7.0,14.6,7.77,-0.77
Madrid,2025-11-29,5.25,11.5,7.66,-2.41
Madrid,2025-11-30,7.85,12.4,7.54,0.31
Madrid,2025-12-01,5.3,11.9,7.43,-2.13
Madrid,2025-12-02,5.75,11.6,7.33,-1.58
Madrid,2025-12-03,6.6,10.9,7.25,-0.65
Madrid,2025-12-04,9.2,12.4,7.16,2.04
Madrid,2025-12-05,8.9,11.8,7.09,1.81
Madrid,2025-12-06,13.6,15.8,7.0,6.6
Madrid,2025-12-07,10.3,12.8,6.93,3.37
Madrid,2025-12-08,9.4,14.1,6.85,2.55
Madrid,2025-12-09,7.9,13.4,6.77,1.13
Madrid,2025-12-10,9.3,10.5,6.71,2.59
Madrid,2025-12-11,8.1,13.4,6.65,1.45
Madrid,2025-12-12,7.25,10.5,6.6,0.65
Madrid,2025-12-13,10.95,15.9,6.52,4.43
Madrid,2025-12-14,7.7,11.3,6.45,1.25
Madrid,2025-12-15,8.95,11.7,6.43,2.52
Madrid,2025-12-16,8.6,9.4,6.37,2.23
Madrid,2025-12-17,10.55,14.6,6.35,4.2
Madrid,2025-12-18,9.3,12.1,6.32,2.98
Madrid,2025-12-19,9.0,10.8,6.29,2.71
Madrid,2025-12-20,7.9,9.7,6.27,1.63
Madrid,2025-12-21,3.9,8.3,6.22,-2.32
Madrid,2025-12-22,2.9,6.9,6.17,-3.27
Madrid,2025-12-23,3.3,7.0,6.14,-2.84
Madrid,2025-12-24,5.4,11.1,6.11,-0.71
Madrid,2025-12-25,3.5,4.6,6.08,-2.58
Madrid,2025-12-26,5.15,11.5,6.03,-0.88
Madrid,2025-12-27,5.2,11.1,6.0,-0.8
Madrid,2025-12-28,9.2,12.1,5.95,3.25
Madrid,2025-12-29,7.35,12.8,5.89,1.46
Madrid,2025-12-30,4.6,10.6,5.84,-1.24
Madrid,2025-12-31,3.75,10.0,5.82,-2.07
Lagos,2025-01-01,30.0,35.5,28.47,1.53
Lagos,2025-01-02,30.65,36.3,28.5,2.15
Lagos,2025-01-03,29.55,34.5,28.51,1.04
Lagos,2025-01-04,29.8,34.6,28.51,1.29
Lagos,2025-01-05,30.75,36.0,28.47,2.28
Lagos,2025-01-06,30.6,35.4,28.44,2.16
Lagos,2025-01-07,30.3,35.1,28.44,1.86
Lagos,2025-01-08,30.15,35.0,28.44,1.71
Lagos,2025-01-09,30.5,35.5,28.43,2.07
Lagos,2025-01-10,30.3,35.8,28.42,1.88
Lagos,2025-01-11,28.9,35.3,28.42,0.48
Lagos,2025-01-12,28.3,35.4,28.44,-0.14
Lagos,2025-01-13,28.6,35.0,28.46,0.14
Lagos,2025-01-14,29.35,34.7,28.49,0.86
Lagos,2025-01-15,29.55,34.4,28.49,1.06
Lagos,2025-01-16,30.25,35.5,28.5,1.75
Lagos,2025-01-17,30.95,36.4,28.53,2.42
Lagos,2025-01-18,29.45,33.0,28.57,0.88
Lagos,2025-01-19,29.5,34.2,28.62,0.88
Lagos,2025-01-20,29.15,34.2,28.66,0.49
Lagos,2025-01-21,29.25,34.0,28.72,0.53
Lagos,2025-01-22,29.9,34.8,28.78,1.12
Lagos,2025-01-23,28.6,31.2,28.83,-0.23
Lagos,2025-01-24,29.5,34.0,28.87,0.63
Lagos,2025-01-25,29.55,34.2,28.91,0.64
Lagos,2025-01-26,30.25,35.0,28.94,1.31
Lagos,2025-01-27,29.5,34.5,28.93,0.57
Lagos,2025-01-28,29.9,35.0,28.94,0.96
Lagos,2025-01-29,29.0,32.0,28.96,0.04
Lagos,2025-01-30,29.5,34.0,28.98,0.52
Lagos,2025-01-31,29.7,34.5,29.01,0.69
Lagos,2025-02-01,28.8,32.6,29.05,-0.25
Lagos,2025-02-02,29.0,33.0,29.07,-0.07
Lagos,2025-02-03,29.25,34.0,29.08,0.17
Lagos,2025-02-04,29.55,33.8,29.09,0.46
Lagos,2025-02-05,29.95,34.4,29.14,0.81
Lagos,2025-02-06,30.0,34.5,29.2,0.8
Lagos,2025-02-07,29.8,34.0,29.24,0.56
Lagos,2025-02-08,28.7,31.4,29.26,-0.56
Lagos,2025-02-09,29.8,34.6,29.28,0.52
Lagos,2025-02-10,30.3,34.8,29.3,1.0
Lagos,2025-02-11,30.1,34.2,29.33,0.77
Lagos,2025-02-12,30.75,35.0,29.35,1.4
Lagos,2025-02-13,30.75,35.0,29.37,1.38
Lagos,2025-02-14,30.55,35.5,29.38,1.17
Lagos,2025-02-15,30.65,35.3,29.41,1.24
Lagos,2025-02-16,31.05,36.1,29.43,1.62
Lagos,2025-02-17,30.9,35.5,29.45,1.45
Lagos,2025-02-18,29.85,33.7,29.48,0.37
Lagos,2025-02-19,30.75,35.0,29.48,1.27
Lagos,2025-02-20,30.95,35.4,29.48,1.47
Lagos,2025-02-21,31.25,35.5,29.49,1.76
Lagos,2025-02-22,30.85,35.0,29.46,1.39
Lagos,2025-02-23,28.2,32.0,29.44,-1.24
Lagos,2025-02-24,30.25,35.0,29.46,0.79
Lagos,2025-02-25,30.3,34.8,29.47,0.83
Lagos,2025-02-26,28.1,31.0,29.47,-1.37
Lagos,2025-02-27,29.6,34.2,29.49,0.11
Lagos,2025-02-28,28.75,32.0,29.5,-0.75
Lagos,2025-03-01,30.05,34.6,29.52,0.53
Lagos,2025-03-02,30.1,34.2,29.53,0.57
Lagos,2025-03-03,30.3,35.0,29.56,0.74
Lagos,2025-03-04,30.55,34.3,29.56,0.99
Lagos,2025-03-05,30.45,34.1,29.58,0.87
Lagos,2025-03-06,30.15,34.4,29.61,0.54
Lagos,2025-03-07,31.05,35.1,29.62,1.43
Lagos,2025-03-08,31.25,35.0,29.61,1.64
Lagos,2025-03-09,31.1,35.2,29.61,1.49
Lagos,2025-03-10,31.25,35.5,29.59,1.66
Lagos,2025-03-11,27.2,34.4,29.58,-2.38
Lagos,2025-03-12,30.5,34.5,29.6,0.9
Lagos,2025-03-13,29.15,34.1,29.61,-0.46
Lagos,2025-03-14,30.35,34.3,29.61,0.74
Lagos,2025-03-15,30.65,35.0,29.64,1.01
Lagos,2025-03-16,30.85,34.7,29.66,1.19
Lagos,2025-03-17,30.9,34.8,29.68,1.22
Lagos,2025-03-18,30.7,34.4,29.68,1.02
Lagos,2025-03-19,30.1,33.5,29.69,0.41
Lagos,2025-03-20,29.15,33.8,29.68,-0.53
Lagos,2025-03-21,28.4,33.8,29.65,-1.25
Lagos,2025-03-22,28.1,34.2,29.67,-1.57
Lagos,2025-03-23,28.3,33.8,29.67,-1.37
Lagos,2025-03-24,29.45,34.0,29.63,-0.18
Lagos,2025-03-25,28.0,33.5,29.64,-1.64
Lagos,2025-03-26,30.5,33.0,29.63,0.87
Lagos,2025-03-27,29.45,35.4,29.59,-0.14
Lagos,2025-03-28,30.25,34.5,29.57,0.68
Lagos,2025-03-29,30.25,34.5,29.55,0.7
Lagos,2025-03-30,30.35,34.4,29.55,0.8
Lagos,2025-03-31,30.5,35.0,29.54,0.96
Lagos,2025-04-01,30.9,35.2,29.51,1.39
Lagos,2025-04-02,27.0,30.0,29.5,-2.5
Lagos,2025-04-03,27.75,33.5,29.46,-1.71
Lagos,2025-04-04,29.9,34.4,29.45,0.45
Lagos,2025-04-05,30.35,34.7,29.4,0.95
Lagos,2025-04-06,30.85,34.9,29.37,1.48
Lagos,2025-04-07,30.25,34.0,29.37,0.88
Lagos,2025-04-08,30.6,35.0,29.35,1.25
Lagos,2025-04-09,29.2,33.4,29.3,-0.1
Lagos,2025-04-10,28.3,33.6,29.28,-0.98
Lagos,2025-04-11,27.4,32.8,29.26,-1.86
Lagos,2025-04-12,28.9,33.8,29.21,-0.31
Lagos,2025-04-13,30.0,34.0,29.2,0.8
Lagos,2025-04-14,30.55,34.1,29.18,1.37
Lagos,2025-04-15,29.55,34.1,29.13,0.42
Lagos,2025-04-16,30.7,34.4,29.11,1.59
Lagos,2025-04-17,29.9,33.3,29.07,0.83
Lagos,2025-04-18,29.6,34.2,29.05,0.55
Lagos,2025-04-19,29.1,34.2,29.01,0.09
Lagos,2025-04-20,29.6,34.2,28.98,0.62
Lagos,2025-04-21,30.9,35.4,28.98,1.92
Lagos,2025-04-22,30.5,34.0,28.95,1.55
Lagos,2025-04-23,28.0,33.0,28.93,-0.93
Lagos,2025-04-24,29.45,33.2,28.91,0.54
Lagos,2025-04-25,30.8,34.6,28.88,1.92
Lagos,2025-04-26,28.15,29.3,28.84,-0.69
Lagos,2025-04-27,29.35,32.7,28.84,0.51
Lagos,2025-04-28,29.5,35.0,28.79,0.71
Lagos,2025-04-29,27.0,31.0,28.76,-1.76
Lagos,2025-04-30,27.65,32.8,28.73,-1.08
Lagos,2025-05-01,28.35,31.2,28.7,-0.35
Lagos,2025-05-02,28.0,31.0,28.7,-0.7
Lagos,2025-05-03,28.3,32.8,28.69,-0.39
Lagos,2025-05-04,29.5,33.5,28.68,0.82
Lagos,2025-05-05,29.7,33.4,28.61,1.09
Lagos,2025-05-06,29.25,33.0,28.59,0.66
Lagos,2025-05-07,30.4,34.3,28.56,1.84
Lagos,2025-05-08,27.9,33.0,28.52,-0.62
Lagos,2025-05-09,29.65,33.0,28.51,1.14
Lagos,2025-05-10,29.25,33.5,28.5,0.75
Lagos,2025-05-11,29.75,35.0,28.46,1.29
Lagos,2025-05-12,30.25,34.0,28.4,1.85
Lagos,2025-05-13,27.55,31.6,28.41,-0.86
Lagos,2025-05-14,28.7,34.0,28.36,0.34
Lagos,2025-05-15,31.3,36.3,28.3,3.0
Lagos,2025-05-16,30.25,34.0,28.24,2.01
Lagos,2025-05-17,29.2,33.4,28.2,1.0
Lagos,2025-05-18,27.0,30.0,28.16,-1.16
Lagos,2025-05-19,28.7,33.4,28.11,0.59
Lagos,2025-05-20,27.0,32.0,28.08,-1.08
Lagos,2025-05-21,26.85,31.0,28.05,-1.2
Lagos,2025-05-22,29.15,33.0,28.0,1.15
Lagos,2025-05-23,28.8,32.2,27.97,0.83
Lagos,2025-05-24,28.15,30.8,27.94,0.21
Lagos,2025-05-25,28.95,33.7,27.91,1.04
Lagos,2025-05-26,29.2,33.0,27.85,1.35
Lagos,2025-05-27,29.0,32.0,27.84,1.16
Lagos,2025-05-28,28.2,31.4,27.79,0.41
Lagos,2025-05-29,27.35,30.2,27.77,-0.42
Lagos,2025-05-30,29.25,34.0,27.75,1.5
Lagos,2025-05-31,29.05,33.6,27.69,1.36
Lagos,2025-06-01,29.65,33.8,27.63,2.02
Lagos,2025-06-02,27.25,31.2,27.57,-0.32
Lagos,2025-06-03,28.75,32.5,27.5,1.25
Lagos,2025-06-04,27.85,31.8,27.44,0.41
Lagos,2025-06-05,28.85,32.8,27.42,1.43
Lagos,2025-06-06,28.25,31.5,27.37,0.88
Lagos,2025-06-07,27.5,31.0,27.32,0.18
Lagos,2025-06-08,28.05,32.2,27.26,0.79
Lagos,2025-06-09,28.9,33.8,27.19,1.71
Lagos,2025-06-10,27.5,32.0,27.15,0.35
Lagos,2025-06-11,27.2,31.4,27.11,0.09
Lagos,2025-06-12,27.5,32.5,27.09,0.41
Lagos,2025-06-13,28.1,31.5,27.01,1.09
Lagos,2025-06-14,25.55,28.1,26.98,-1.43
Lagos,2025-06-15,28.0,33.0,26.97,1.03
Lagos,2025-06-16,27.6,31.2,26.92,0.68
Lagos,2025-06-17,27.0,30.0,26.87,0.13
Lagos,2025-06-18,28.5,32.5,26.85,1.65
Lagos,2025-06-19,27.35,30.2,26.82,0.53
Lagos,2025-06-20,28.3,32.0,26.78,1.52
Lagos,2025-06-21,26.2,28.4,26.75,-0.55
Lagos,2025-06-22,26.7,29.0,26.72,-0.02
Lagos,2025-06-23,27.3,31.3,26.66,0.64
Lagos,2025-06-24,28.15,31.9,26.63,1.52
Lagos,2025-06-25,28.6,33.2,26.59,2.01
Lagos,2025-06-26,26.75,28.5,26.58,0.17
Lagos,2025-06-27,26.25,30.0,26.54,-0.29
Lagos,2025-06-28,27.35,31.0,26.51,0.84
Lagos,2025-06-29,26.9,29.3,26.48,0.42
Lagos,2025-06-30,26.95,29.0,26.43,0.52
Lagos,2025-07-01,27.5,30.0,26.41,1.09
Lagos,2025-07-02,27.75,31.0,26.39,1.36
Lagos,2025-07-03,26.1,27.5,26.36,-0.26
Lagos,2025-07-04,25.4,26.8,26.36,-0.96
Lagos,2025-07-05,26.2,28.8,26.32,-0.12
Lagos,2025-07-06,26.5,29.7,26.31,0.19
Lagos,2025-07-07,26.25,28.5,26.32,-0.07
Lagos,2025-07-08,26.8,28.6,26.31,0.49
Lagos,2025-07-09,25.5,29.0,26.3,-0.8
Lagos,2025-07-10,26.5,29.1,26.28,0.22
Lagos,2025-07-11,27.0,29.5,26.27,0.73
Lagos,2025-07-12,26.2,28.0,26.25,-0.05
Lagos,2025-07-13,27.0,30.0,26.24,0.76
Lagos,2025-07-14,26.6,31.7,26.21,0.39
Lagos,2025-07-15,26.85,31.2,26.21,0.64
Lagos,2025-07-16,25.55,27.1,26.21,-0.66
Lagos,2025-07-17,26.1,28.0,26.21,-0.11
Lagos,2025-07-18,26.75,29.5,26.21,0.54
Lagos,2025-07-19,26.05,30.0,26.18,-0.13
Lagos,2025-07-20,26.15,28.8,26.17,-0.02
Lagos,2025-07-21,26.2,28.5,26.17,0.03
Lagos,2025-07-22,27.1,29.2,26.15,0.95
Lagos,2025-07-23,26.5,29.0,26.14,0.36
Lagos,2025-07-24,27.0,29.7,26.15,0.85
Lagos,2025-07-25,26.1,29.2,26.14,-0.04
Lagos,2025-07-26,26.5,30.0,26.14,0.36
Lagos,2025-07-27,26.95,29.9,26.14,0.81
Lagos,2025-07-28,25.85,28.0,26.14,-0.29
Lagos,2025-07-29,26.15,28.6,26.13,0.02
Lagos,2025-07-30,25.55,28.4,26.12,-0.57
Lagos,2025-07-31,25.5,27.0,26.12,-0.62
Lagos,2025-08-01,26.95,30.5,26.13,0.82
Lagos,2025-08-02,27.55,31.0,26.12,1.43
Lagos,2025-08-03,26.35,28.6,26.12,0.23
Lagos,2025-08-04,24.65,26.4,26.12,-1.47
Lagos,2025-08-05,25.5,27.6,26.14,-0.64
Lagos,2025-08-06,25.2,27.1,26.13,-0.93
Lagos,2025-08-07,25.1,27.0,26.1,-1.0
Lagos,2025-08-08,25.95,28.4,26.09,-0.14
Lagos,2025-08-09,26.0,28.4,26.11,-0.11
Lagos,2025-08-10,26.4,29.9,26.1,0.3
Lagos,2025-08-11,27.25,30.5,26.1,1.15
Lagos,2025-08-12,25.85,28.4,26.11,-0.26
Lagos,2025-08-13,25.75,28.2,26.13,-0.38
Lagos,2025-08-14,25.5,28.0,26.16,-0.66
Lagos,2025-08-15,26.05,29.5,26.16,-0.11
Lagos,2025-08-16,25.05,27.4,26.16,-1.11
Lagos,2025-08-17,26.35,29.1,26.18,0.17
Lagos,2025-08-18,26.1,28.3,26.18,-0.08
Lagos,2025-08-19,25.9,28.0,26.18,-0.28
Lagos,2025-08-20,25.65,29.3,26.17,-0.52
Lagos,2025-08-21,25.4,28.0,26.18,-0.78
Lagos,2025-08-22,26.4,29.5,26.18,0.22
Lagos,2025-08-23,26.5,29.2,26.17,0.33
Lagos,2025-08-24,26.25,29.1,26.17,0.08
Lagos,2025-08-25,26.0,28.0,26.17,-0.17
Lagos,2025-08-26,24.9,26.8,26.18,-1.28
Lagos,2025-08-27,26.5,29.0,26.19,0.31
Lagos,2025-08-28,25.95,28.9,26.2,-0.25
Lagos,2025-08-29,26.5,30.0,26.22,0.28
Lagos,2025-08-30,26.0,28.0,26.24,-0.24
Lagos,2025-08-31,26.4,28.8,26.25,0.15
Lagos,2025-09-01,26.0,30.0,26.24,-0.24
Lagos,2025-09-02,26.5,30.0,26.26,0.24
Lagos,2025-09-03,27.0,30.0,26.27,0.73
Lagos,2025-09-04,27.0,30.0,26.27,0.73
Lagos,2025-09-05,26.5,30.0,26.29,0.21
Lagos,2025-09-06,27.0,31.0,26.29,0.71
Lagos,2025-09-07,27.0,30.0,26.32,0.68
Lagos,2025-09-08,26.5,30.0,26.34,0.16
Lagos,2025-09-09,25.5,27.0,26.35,-0.85
Lagos,2025-09-10,26.5,30.0,26.38,0.12
Lagos,2025-09-11,27.0,30.0,26.39,0.61
Lagos,2025-09-12,26.0,28.0,26.4,-0.4
Lagos,2025-09-13,26.85,30.0,26.4,0.45
Lagos,2025-09-14,26.55,29.1,26.42,0.13
Lagos,2025-09-15,26.35,29.0,26.44,-0.09
Lagos,2025-09-16,25.5,27.0,26.48,-0.98
Lagos,2025-09-17,26.5,29.0,26.49,0.01
Lagos,2025-09-18,27.0,30.0,26.52,0.48
Lagos,2025-09-19,26.75,30.0,26.55,0.2
Lagos,2025-09-20,26.6,29.3,26.57,0.03
Lagos,2025-09-21,27.0,30.0,26.58,0.42
Lagos,2025-09-22,26.0,29.0,26.61,-0.61
Lagos,2025-09-23,26.0,28.0,26.63,-0.63
Lagos,2025-09-24,25.5,27.0,26.65,-1.15
Lagos,2025-09-25,26.15,29.0,26.65,-0.5
Lagos,2025-09-26,27.1,30.0,26.66,0.44
Lagos,2025-09-27,27.5,30.0,26.66,0.84
Lagos,2025-09-28,27.5,30.0,26.68,0.82
Lagos,2025-09-29,27.5,30.0,26.69,0.81
Lagos,2025-09-30,27.7,31.0,26.71,0.99
Lagos,2025-10-01,24.5,27.0,26.74,-2.24
Lagos,2025-10-02,27.0,30.0,26.79,0.21
Lagos,2025-10-03,28.0,31.0,26.81,1.19
Lagos,2025-10-04,28.0,31.0,26.84,1.16
Lagos,2025-10-05,24.5,27.0,26.86,-2.36
Lagos,2025-10-06,27.0,31.0,26.86,0.14
Lagos,2025-10-07,24.0,26.0,26.89,-2.89
Lagos,2025-10-08,26.2,28.8,26.93,-0.73
Lagos,2025-10-09,27.0,30.2,26.95,0.05
Lagos,2025-10-10,27.1,30.0,26.97,0.13
Lagos,2025-10-11,27.5,31.0,26.97,0.53
Lagos,2025-10-12,25.8,29.6,27.0,-1.2
Lagos,2025-10-13,27.5,32.0,27.02,0.48
Lagos,2025-10-14,27.0,30.0,27.04,-0.04
Lagos,2025-10-15,27.0,30.0,27.07,-0.07
Lagos,2025-10-16,27.5,32.0,27.1,0.4
Lagos,2025-10-17,27.5,32.0,27.1,0.4
Lagos,2025-10-18,28.0,31.0,27.13,0.87
Lagos,2025-10-19,29.0,33.0,27.13,1.87
Lagos,2025-10-20,29.5,35.0,27.18,2.32
Lagos,2025-10-21,28.5,33.0,27.23,1.27
Lagos,2025-10-22,28.5,32.0,27.26,1.24
Lagos,2025-10-23,27.0,31.0,27.31,-0.31
Lagos,2025-10-24,27.0,31.0,27.36,-0.36
Lagos,2025-10-25,28.5,32.0,27.4,1.1
Lagos,2025-10-26,28.5,32.0,27.43,1.07
Lagos,2025-10-27,29.0,33.0,27.49,1.51
Lagos,2025-10-28,27.0,31.0,27.55,-0.55
Lagos,2025-10-29,27.0,30.0,27.59,-0.59
Lagos,2025-10-30,28.0,32.0,27.65,0.35
Lagos,2025-10-31,27.3,30.8,27.68,-0.38
Lagos,2025-11-01,27.75,31.0,27.72,0.03
Lagos,2025-11-02,27.8,31.6,27.74,0.06
Lagos,2025-11-03,26.5,29.0,27.8,-1.3
Lagos,2025-11-04,29.0,33.0,27.82,1.18
Lagos,2025-11-05,28.0,32.0,27.87,0.13
Lagos,2025-11-06,27.4,31.0,27.92,-0.52
Lagos,2025-11-07,26.65,30.3,27.95,-1.3
Lagos,2025-11-08,28.0,32.0,27.98,0.02
Lagos,2025-11-09,28.0,31.0,28.01,-0.01
Lagos,2025-11-10,29.0,33.0,28.05,0.95
Lagos,2025-11-11,28.75,32.5,28.09,0.66
Lagos,2025-11-12,28.5,32.0,28.13,0.37
Lagos,2025-11-13,29.0,33.0,28.17,0.83
Lagos,2025-11-14,28.5,33.0,28.23,0.27
Lagos,2025-11-15,28.55,31.1,28.26,0.29
Lagos,2025-11-16,28.5,32.0,28.3,0.2
Lagos,2025-11-17,28.5,32.0,28.34,0.16
Lagos,2025-11-18,28.0,31.0,28.38,-0.38
Lagos,2025-11-19,29.5,34.0,28.42,1.08
Lagos,2025-11-20,29.0,33.0,28.44,0.56
Lagos,2025-11-21,27.75,30.5,28.47,-0.72
Lagos,2025-11-22,29.05,32.4,28.49,0.56
Lagos,2025-11-23,27.6,31.2,28.49,-0.89
Lagos,2025-11-24,29.0,33.0,28.5,0.5
Lagos,2025-11-25,29.5,34.0,28.52,0.98
Lagos,2025-11-26,29.5,33.0,28.56,0.94
Lagos,2025-11-27,29.0,32.0,28.55,0.45
Lagos,2025-11-28,28.5,33.0,28.54,-0.04
Lagos,2025-11-29,28.0,33.0,28.52,-0.52
Lagos,2025-11-30,29.0,33.0,28.51,0.49
Lagos,2025-12-01,28.5,32.0,28.5,-0.0
Lagos,2025-12-02,29.5,33.0,28.49,1.01
Lagos,2025-12-03,30.0,33.0,28.5,1.5
Lagos,2025-12-04,30.0,33.0,28.51,1.49
Lagos,2025-12-05,28.7,31.4,28.54,0.16
Lagos,2025-12-06,29.0,33.0,28.57,0.43
Lagos,2025-12-07,29.5,33.0,28.58,0.92
Lagos,2025-12-08,29.5,33.0,28.61,0.89
Lagos,2025-12-09,28.0,31.0,28.62,-0.62
Lagos,2025-12-10,29.0,33.0,28.62,0.38
Lagos,2025-12-11,25.5,28.0,28.61,-3.11
Lagos,2025-12-12,28.0,32.0,28.61,-0.61
Lagos,2025-12-13,29.0,33.0,28.6,0.4
Lagos,2025-12-14,29.0,33.0,28.58,0.42
Lagos,2025-12-15,28.9,32.0,28.57,0.33
Lagos,2025-12-16,28.5,32.0,28.55,-0.05
Lagos,2025-12-17,29.0,33.0,28.52,0.48
Lagos,2025-12-18,28.0,32.0,28.49,-0.49
Lagos,2025-12-19,28.5,32.0,28.44,0.06
Lagos,2025-12-20,29.05,33.0,28.43,0.62
Lagos,2025-12-21,28.6,32.3,28.39,0.21
Lagos,2025-12-22,29.1,33.0,28.37,0.73
Lagos,2025-12-23,29.0,33.0,28.37,0.63
Lagos,2025-12-24,30.0,34.0,28.36,1.64
Lagos,2025-12-25,28.7,32.4,28.35,0.35
Lagos,2025-12-26,29.5,33.0,28.36,1.14
Lagos,2025-12-27,28.5,31.0,28.37,0.13
Lagos,2025-12-28,29.5,33.0,28.39,1.11
Lagos,2025-12-29,29.5,34.0,28.41,1.09
Lagos,2025-12-30,30.0,34.0,28.44,1.56
Lagos,2025-12-31,30.0,34.0,28.45,1.55
Cape Town,2025-01-01,19.75,25.1,21.65,-1.9
Cape Town,2025-01-02,20.6,24.2,21.7,-1.1
Cape Town,2025-01-03,22.65,26.3,21.75,0.9
Cape Town,2025-01-04,19.9,25.7,21.8,-1.9
Cape Town,2025-01-05,20.55,24.1,21.85,-1.3
Cape Town,2025-01-06,19.8,23.0,21.89,-2.09
Cape Town,2025-01-07,21.5,25.0,21.91,-0.41
Cape Town,2025-01-08,19.55,25.2,21.92,-2.37
Cape Town,2025-01-09,20.55,25.2,21.94,-1.39
Cape Town,2025-01-10,21.5,24.0,21.99,-0.49
Cape Town,2025-01-11,21.7,26.0,22.06,-0.36
Cape Town,2025-01-12,21.95,25.9,22.1,-0.15
Cape Town,2025-01-13,22.35,29.7,22.13,0.22
Cape Town,2025-01-14,20.05,23.4,22.16,-2.11
Cape Town,2025-01-15,18.4,22.0,22.16,-3.76
Cape Town,2025-01-16,20.05,25.1,22.18,-2.13
Cape Town,2025-01-17,23.1,28.2,22.19,0.91
Cape Town,2025-01-18,22.2,25.7,22.2,-0.0
Cape Town,2025-01-19,20.0,24.8,22.17,-2.17
Cape Town,2025-01-20,21.0,24.0,22.14,-1.14
Cape Town,2025-01-21,22.6,33.0,22.12,0.48
Cape Town,2025-01-22,26.15,33.9,22.14,4.01
Cape Town,2025-01-23,22.1,27.8,22.17,-0.07
Cape Town,2025-01-24,23.45,28.0,22.21,1.24
Cape Town,2025-01-25,24.55,29.3,22.29,2.26
Cape Town,2025-01-26,23.9,26.8,22.35,1.55
Cape Town,2025-01-27,23.5,26.1,22.39,1.11
Cape Town,2025-01-28,26.25,32.6,22.42,3.83
Cape Town,2025-01-29,23.2,26.6,22.41,0.79
Cape Town,2025-01-30,21.35,23.4,22.43,-1.08
Cape Town,2025-01-31,20.45,23.6,22.42,-1.97
Cape Town,2025-02-01,20.55,24.8,22.41,-1.86
Cape Town,2025-02-02,21.15,24.1,22.4,-1.25
Cape Town,2025-02-03,20.85,25.0,22.4,-1.55
Cape Town,2025-02-04,21.25,24.8,22.4,-1.15
Cape Town,2025-02-05,19.3,21.2,22.37,-3.07
Cape Town,2025-02-06,21.35,25.6,22.34,-0.99
Cape Town,2025-02-07,24.45,31.2,22.33,2.12
Cape Town,2025-02-08,21.15,24.4,22.33,-1.18
Cape Town,2025-02-09,20.6,23.2,22.34,-1.74
Cape Town,2025-02-10,21.25,25.1,22.36,-1.11
Cape Town,2025-02-11,23.25,28.1,22.37,0.88
Cape Town,2025-02-12,21.85,25.7,22.36,-0.51
Cape Town,2025-02-13,19.95,22.2,22.33,-2.38
Cape Town,2025-02-14,19.4,21.9,22.32,-2.92
Cape Town,2025-02-15,22.15,25.4,22.31,-0.16
Cape Town,2025-02-16,22.25,25.2,22.29,-0.04
Cape Town,2025-02-17,22.35,25.6,22.28,0.07
Cape Town,2025-02-18,22.1,24.8,22.26,-0.16
Cape Town,2025-02-19,25.85,33.2,22.26,3.59
Cape Town,2025-02-20,26.1,33.2,22.26,3.84
Cape Town,2025-02-21,23.1,28.2,22.23,0.87
Cape Town,2025-02-22,20.5,26.0,22.19,-1.69
Cape Town,2025-02-23,21.0,24.0,22.14,-1.14
Cape Town,2025-02-24,22.35,26.0,22.09,0.26
Cape Town,2025-02-25,22.4,26.8,22.01,0.39
Cape Town,2025-02-26,23.4,30.8,21.91,1.49
Cape Town,2025-02-27,22.15,26.5,21.88,0.27
Cape Town,2025-02-28,21.75,26.5,21.86,-0.11
Cape Town,2025-03-01,22.05,26.1,21.85,0.2
Cape Town,2025-03-02,26.1,33.1,21.81,4.29
Cape Town,2025-03-03,24.5,31.0,21.76,2.74
Cape Town,2025-03-04,22.3,26.0,21.71,0.59
Cape Town,2025-03-05,22.25,26.5,21.64,0.61
Cape Town,2025-03-06,23.05,27.1,21.59,1.46
Cape Town,2025-03-07,22.8,28.0,21.52,1.28
Cape Town,2025-03-08,22.5,30.0,21.47,1.03
Cape Town,2025-03-09,21.25,25.3,21.43,-0.18
Cape Town,2025-03-10,20.0,24.0,21.39,-1.39
Cape Town,2025-03-11,21.75,26.5,21.33,0.42
Cape Town,2025-03-12,21.4,26.1,21.25,0.15
Cape Town,2025-03-13,25.0,29.0,21.16,3.84
Cape Town,2025-03-14,25.0,31.0,21.08,3.92
Cape Town,2025-03-15,19.95,24.9,21.01,-1.06
Cape Town,2025-03-16,22.15,27.3,20.93,1.22
Cape Town,2025-03-17,21.4,26.3,20.84,0.56
Cape Town,2025-03-18,22.85,31.0,20.78,2.07
Cape Town,2025-03-19,25.75,35.5,20.74,5.01
Cape Town,2025-03-20,20.1,26.2,20.69,-0.59
Cape Town,2025-03-21,21.75,26.0,20.62,1.13
Cape Town,2025-03-22,22.3,25.9,20.54,1.76
Cape Town,2025-03-23,19.8,22.6,20.45,-0.65
Cape Town,2025-03-24,20.15,24.0,20.36,-0.21
Cape Town,2025-03-25,18.5,22.0,20.27,-1.77
Cape Town,2025-03-26,18.4,23.8,20.19,-1.79
Cape Town,2025-03-27,22.0,28.0,20.12,1.88
Cape Town,2025-03-28,22.6,30.2,20.08,2.52
Cape Town,2025-03-29,19.15,24.3,20.04,-0.89
Cape Town,2025-03-30,19.55,24.5,19.95,-0.4
Cape Town,2025-03-31,21.05,26.1,19.86,1.19
Cape Town,2025-04-01,19.1,23.4,19.75,-0.65
Cape Town,2025-04-02,20.5,24.0,19.64,0.86
Cape Town,2025-04-03,22.25,30.5,19.55,2.7
Cape Town,2025-04-04,22.5,29.0,19.49,3.01
Cape Town,2025-04-05,22.5,28.0,19.41,3.09
Cape Town,2025-04-06,23.1,31.2,19.3,3.8
Cape Town,2025-04-07,22.0,27.0,19.2,2.8
Cape Town,2025-04-08,18.5,20.0,19.09,-0.59
Cape Town,2025-04-09,20.55,24.1,18.99,1.56
Cape Town,2025-04-10,20.5,26.0,18.86,1.64
Cape Town,2025-04-11,20.0,25.0,18.78,1.22
Cape Town,2025-04-12,17.25,19.5,18.67,-1.42
Cape Town,2025-04-13,17.0,21.0,18.55,-1.55
Cape Town,2025-04-14,16.45,20.9,18.47,-2.02
Cape Town,2025-04-15,18.85,24.2,18.39,0.46
Cape Town,2025-04-16,17.5,23.0,18.31,-0.81
Cape Town,2025-04-17,20.95,27.0,18.24,2.71
Cape Town,2025-04-18,22.0,31.0,18.13,3.87
Cape Town,2025-04-19,18.45,22.9,18.01,0.44
Cape Town,2025-04-20,19.0,22.0,17.87,1.13
Cape Town,2025-04-21,18.7,22.0,17.76,0.94
Cape Town,2025-04-22,18.1,23.0,17.67,0.43
Cape Town,2025-04-23,18.85,23.7,17.58,1.27
Cape Town,2025-04-24,18.0,25.0,17.51,0.49
Cape Town,2025-04-25,15.8,22.6,17.43,-1.63
Cape Town,2025-04-26,21.0,31.0,17.32,3.68
Cape Town,2025-04-27,22.15,31.0,17.26,4.89
Cape Town,2025-04-28,16.85,21.0,17.16,-0.31
Cape Town,2025-04-29,16.0,21.0,17.09,-1.09
Cape Town,2025-04-30,16.25,20.0,17.01,-0.76
Cape Town,2025-05-01,12.5,15.0,16.93,-4.43
Cape Town,2025-05-02,12.9,18.0,16.87,-3.97
Cape Town,2025-05-03,14.0,21.0,16.84,-2.84
Cape Town,2025-05-04,16.65,26.4,16.8,-0.15
Cape Town,2025-05-05,17.0,26.4,16.73,0.27
Cape Town,2025-05-06,16.5,22.0,16.66,-0.16
Cape Town,2025-05-07,17.25,20.0,16.6,0.65
Cape Town,2025-05-08,17.0,22.0,16.54,0.46
Cape Town,2025-05-09,15.65,22.2,16.48,-0.83
Cape Town,2025-05-10,15.0,17.0,16.4,-1.4
Cape Town,2025-05-11,14.05,18.1,16.33,-2.28
Cape Town,2025-05-12,15.0,19.0,16.24,-1.24
Cape Town,2025-05-13,16.0,23.0,16.17,-0.17
Cape Town,2025-05-14,14.6,20.0,16.09,-1.49
Cape Town,2025-05-15,18.15,24.8,15.99,2.16
Cape Town,2025-05-16,19.5,25.0,15.86,3.64
Cape Town,2025-05-17,19.5,26.0,15.75,3.75
Cape Town,2025-05-18,19.7,24.4,15.64,4.06
Cape Town,2025-05-19,17.0,19.0,15.58,1.42
Cape Town,2025-05-20,12.5,15.0,15.53,-3.03
Cape Town,2025-05-21,11.9,14.8,15.48,-3.58
Cape Town,2025-05-22,16.45,20.7,15.41,1.04
Cape Town,2025-05-23,15.0,22.0,15.3,-0.3
Cape Town,2025-05-24,18.05,28.0,15.21,2.84
Cape Town,2025-05-25,17.95,22.9,15.12,2.83
Cape Town,2025-05-26,14.35,18.0,15.04,-0.69
Cape Town,2025-05-27,14.5,22.0,14.95,-0.45
Cape Town,2025-05-28,14.5,18.0,14.83,-0.33
Cape Town,2025-05-29,16.9,19.0,14.74,2.16
Cape Town,2025-05-30,15.9,19.0,14.64,1.26
Cape Town,2025-05-31,15.5,18.0,14.57,0.93
Cape Town,2025-06-01,14.5,18.0,14.49,0.01
Cape Town,2025-06-02,12.9,18.1,14.38,-1.48
Cape Town,2025-06-03,13.0,15.0,14.28,-1.28
Cape Town,2025-06-04,14.5,20.0,14.18,0.32
Cape Town,2025-06-05,11.75,19.0,14.1,-2.35
Cape Town,2025-06-06,13.0,16.0,14.04,-1.04
Cape Town,2025-06-07,13.8,15.6,13.98,-0.18
Cape Town,2025-06-08,12.0,15.0,13.91,-1.91
Cape Town,2025-06-09,12.1,17.0,13.86,-1.76
Cape Town,2025-06-10,12.0,17.0,13.81,-1.81
Cape Town,2025-06-11,12.5,19.0,13.75,-1.25
Cape Town,2025-06-12,13.75,23.4,13.68,0.07
Cape Town,2025-06-13,16.5,25.0,13.62,2.88
Cape Town,2025-06-14,17.65,27.0,13.56,4.09
Cape Town,2025-06-15,19.05,26.8,13.51,5.54
Cape Town,2025-06-16,12.45,15.0,13.49,-1.04
Cape Town,2025-06-17,12.3,15.6,13.46,-1.16
Cape Town,2025-06-18,14.6,17.2,13.42,1.18
Cape Town,2025-06-19,13.25,17.5,13.37,-0.12
Cape Town,2025-06-20,15.25,18.4,13.32,1.93
Cape Town,2025-06-21,16.1,19.6,13.29,2.81
Cape Town,2025-06-22,15.3,19.6,13.26,2.04
Cape Town,2025-06-23,14.5,17.0,13.26,1.24
Cape Town,2025-06-24,14.35,18.0,13.25,1.1
Cape Town,2025-06-25,12.5,13.0,13.24,-0.74
Cape Town,2025-06-26,12.1,14.4,13.21,-1.11
Cape Town,2025-06-27,11.25,13.1,13.19,-1.94
Cape Town,2025-06-28,12.7,14.7,13.16,-0.46
Cape Town,2025-06-29,14.0,18.0,13.12,0.88
Cape Town,2025-06-30,11.95,18.0,13.09,-1.14
Cape Town,2025-07-01,13.5,17.0,13.04,0.46
Cape Town,2025-07-02,15.1,17.2,13.01,2.09
Cape Town,2025-07-03,13.8,15.6,13.0,0.8
Cape Town,2025-07-04,11.5,13.0,12.99,-1.49
Cape Town,2025-07-05,12.65,15.3,13.0,-0.35
Cape Town,2025-07-06,12.8,15.8,13.0,-0.2
Cape Town,2025-07-07,11.0,15.0,12.98,-1.98
Cape Town,2025-07-08,12.55,20.1,12.95,-0.4
Cape Town,2025-07-09,12.5,17.0,12.93,-0.43
Cape Town,2025-07-10,13.5,15.0,12.9,0.6
Cape Town,2025-07-11,11.0,14.0,12.86,-1.86
Cape Town,2025-07-12,9.5,16.0,12.86,-3.36
Cape Town,2025-07-13,9.5,15.0,12.87,-3.37
Cape Town,2025-07-14,12.2,16.8,12.88,-0.68
Cape Town,2025-07-15,12.0,15.0,12.92,-0.92
Cape Town,2025-07-16,13.0,17.0,12.96,0.04
Cape Town,2025-07-17,14.5,17.0,13.0,1.5
Cape Town,2025-07-18,12.5,16.0,13.04,-0.54
Cape Town,2025-07-19,12.0,20.0,13.06,-1.06
Cape Town,2025-07-20,12.5,20.0,13.06,-0.56
Cape Town,2025-07-21,12.0,15.0,13.04,-1.04
Cape Town,2025-07-22,13.5,18.0,13.03,0.47
Cape Town,2025-07-23,13.0,19.0,13.03,-0.03
Cape Town,2025-07-24,14.5,16.0,13.02,1.48
Cape Town,2025-07-25,12.85,16.8,12.98,-0.13
Cape Town,2025-07-26,11.4,15.0,12.97,-1.57
Cape Town,2025-07-27,15.0,20.0,12.95,2.05
Cape Town,2025-07-28,14.5,23.0,12.97,1.53
Cape Town,2025-07-29,18.95,28.0,12.98,5.97
Cape Town,2025-07-30,14.0,16.0,13.01,0.99
Cape Town,2025-07-31,10.5,14.0,13.02,-2.52
Cape Town,2025-08-01,10.5,15.0,13.04,-2.54
Cape Town,2025-08-02,14.5,25.0,13.07,1.43
Cape Town,2025-08-03,17.0,20.0,13.09,3.91
Cape Town,2025-08-04,12.5,14.0,13.09,-0.59
Cape Town,2025-08-05,12.5,14.0,13.08,-0.58
Cape Town,2025-08-06,11.5,15.0,13.11,-1.61
Cape Town,2025-08-07,11.0,15.0,13.11,-2.11
Cape Town,2025-08-08,12.5,17.0,13.12,-0.62
Cape Town,2025-08-09,13.5,15.0,13.13,0.37
Cape Town,2025-08-10,12.5,16.0,13.17,-0.67
Cape Town,2025-08-11,11.1,18.0,13.22,-2.12
Cape Town,2025-08-12,13.5,18.0,13.25,0.25
Cape Town,2025-08-13,11.0,16.0,13.29,-2.29
Cape Town,2025-08-14,12.5,17.0,13.33,-0.83
Cape Town,2025-08-15,14.0,17.0,13.35,0.65
Cape Town,2025-08-16,14.0,16.0,13.35,0.65
Cape Town,2025-08-17,15.0,18.0,13.33,1.67
Cape Town,2025-08-18,13.5,18.0,13.34,0.16
Cape Town,2025-08-19,15.0,18.0,13.36,1.64
Cape Town,2025-08-20,13.65,18.3,13.41,0.24
Cape Town,2025-08-21,15.45,17.9,13.46,1.99
Cape Town,2025-08-22,15.0,17.0,13.51,1.49
Cape Town,2025-08-23,14.0,16.0,13.56,0.44
Cape Town,2025-08-24,12.5,16.0,13.62,-1.12
Cape Town,2025-08-25,12.5,18.0,13.66,-1.16
Cape Town,2025-08-26,15.1,20.0,13.69,1.41
Cape Town,2025-08-27,15.5,18.0,13.76,1.74
Cape Town,2025-08-28,15.5,19.0,13.8,1.7
Cape Town,2025-08-29,15.5,19.0,13.9,1.6
Cape Town,2025-08-30,16.0,20.0,13.97,2.03
Cape Town,2025-08-31,14.0,20.0,14.06,-0.06
Cape Town,2025-09-01,16.0,23.0,14.13,1.87
Cape Town,2025-09-02,15.0,19.0,14.18,0.82
Cape Town,2025-09-03,14.0,20.0,14.25,-0.25
Cape Town,2025-09-04,14.5,16.0,14.31,0.19
Cape Town,2025-09-05,16.5,19.0,14.35,2.15
Cape Town,2025-09-06,15.0,18.0,14.39,0.61
Cape Town,2025-09-07,15.5,19.0,14.46,1.04
Cape Town,2025-09-08,17.5,26.0,14.53,2.97
Cape Town,2025-09-09,17.0,21.0,14.59,2.41
Cape Town,2025-09-10,14.5,16.0,14.63,-0.13
Cape Town,2025-09-11,16.0,19.0,14.69,1.31
Cape Town,2025-09-12,16.5,20.0,14.71,1.79
Cape Town,2025-09-13,17.5,20.0,14.74,2.76
Cape Town,2025-09-14,17.0,22.0,14.78,2.22
Cape Town,2025-09-15,13.0,16.0,14.84,-1.84
Cape Town,2025-09-16,14.5,17.0,14.92,-0.42
Cape Town,2025-09-17,13.0,16.0,14.99,-1.99
Cape Town,2025-09-18,12.0,18.0,15.05,-3.05
Cape Town,2025-09-19,15.5,24.0,15.12,0.38
Cape Town,2025-09-20,16.0,20.0,15.19,0.81
Cape Town,2025-09-21,15.0,19.0,15.27,-0.27
Cape Town,2025-09-22,14.5,19.0,15.34,-0.84
Cape Town,2025-09-23,12.0,17.0,15.38,-3.38
Cape Town,2025-09-24,16.0,19.0,15.42,0.58
Cape Town,2025-09-25,14.0,21.0,15.51,-1.51
Cape Town,2025-09-26,19.0,24.0,15.57,3.43
Cape Town,2025-09-27,18.0,23.0,15.62,2.38
Cape Town,2025-09-28,16.5,20.0,15.7,0.8
Cape Town,2025-09-29,19.0,23.0,15.75,3.25
Cape Town,2025-09-30,21.5,33.0,15.8,5.7
Cape Town,2025-10-01,15.0,18.0,15.85,-0.85
Cape Town,2025-10-02,13.5,17.0,15.92,-2.42
Cape Town,2025-10-03,16.5,25.0,16.03,0.47
Cape Town,2025-10-04,15.0,20.0,16.12,-1.12
Cape Town,2025-10-05,15.0,18.0,16.22,-1.22
Cape Town,2025-10-06,15.5,18.0,16.32,-0.82
Cape Town,2025-10-07,15.5,19.0,16.41,-0.91
Cape Town,2025-10-08,15.45,19.5,16.48,-1.03
Cape Town,2025-10-09,19.1,24.6,16.55,2.55
Cape Town,2025-10-10,18.95,22.8,16.63,2.32
Cape Town,2025-10-11,18.0,22.0,16.72,1.28
Cape Town,2025-10-12,19.5,23.0,16.83,2.67
Cape Town,2025-10-13,17.5,22.0,16.94,0.56
Cape Town,2025-10-14,16.0,20.0,17.05,-1.05
Cape Town,2025-10-15,14.5,19.0,17.13,-2.63
Cape Town,2025-10-16,15.0,18.0,17.2,-2.2
Cape Town,2025-10-17,18.5,27.0,17.27,1.23
Cape Town,2025-10-18,17.5,20.0,17.36,0.14
Cape Town,2025-10-19,20.0,25.0,17.45,2.55
Cape Town,2025-10-20,20.5,27.0,17.51,2.99
Cape Town,2025-10-21,22.5,29.0,17.56,4.94
Cape Town,2025-10-22,24.0,34.0,17.6,6.4
Cape Town,2025-10-23,17.5,22.0,17.66,-0.16
Cape Town,2025-10-24,17.0,20.0,17.75,-0.75
Cape Town,2025-10-25,14.5,18.0,17.84,-3.34
Cape Town,2025-10-26,14.0,18.0,17.91,-3.91
Cape Town,2025-10-27,14.0,19.0,18.0,-4.0
Cape Town,2025-10-28,16.0,21.0,18.08,-2.08
Cape Town,2025-10-29,19.0,22.0,18.14,0.86
Cape Town,2025-10-30,22.0,30.0,18.2,3.8
Cape Town,2025-10-31,18.0,21.0,18.24,-0.24
Cape Town,2025-11-01,17.0,20.0,18.29,-1.29
Cape Town,2025-11-02,15.0,21.0,18.32,-3.32
Cape Town,2025-11-03,16.5,23.0,18.35,-1.85
Cape Town,2025-11-04,19.0,22.0,18.39,0.61
Cape Town,2025-11-05,21.0,25.0,18.44,2.56
Cape Town,2025-11-06,23.5,29.0,18.45,5.05
Cape Town,2025-11-07,24.5,32.0,18.48,6.02
Cape Town,2025-11-08,24.0,29.0,18.52,5.48
Cape Town,2025-11-09,22.5,29.0,18.56,3.94
Cape Town,2025-11-10,20.5,25.0,18.62,1.88
Cape Town,2025-11-11,22.0,26.0,18.65,3.35
Cape Town,2025-11-12,22.5,27.0,18.69,3.81
Cape Town,2025-11-13,22.0,27.0,18.74,3.26
Cape Town,2025-11-14,20.5,24.0,18.83,1.67
Cape Town,2025-11-15,19.0,22.0,18.92,0.08
Cape Town,2025-11-16,20.5,24.0,19.0,1.5
Cape Town,2025-11-17,21.0,29.0,19.05,1.95
Cape Town,2025-11-18,20.5,24.0,19.07,1.43
Cape Town,2025-11-19,21.0,24.0,19.11,1.89
Cape Town,2025-11-20,20.0,24.0,19.19,0.81
Cape Town,2025-11-21,22.0,26.0,19.3,2.7
Cape Town,2025-11-22,23.5,28.0,19.42,4.08
Cape Town,2025-11-23,22.0,26.0,19.5,2.5
Cape Town,2025-11-24,21.0,25.0,19.55,1.45
Cape Town,2025-11-25,25.0,34.0,19.64,5.36
Cape Town,2025-11-26,21.0,25.0,19.71,1.29
Cape Town,2025-11-27,24.5,31.0,19.79,4.71
Cape Town,2025-11-28,18.0,23.0,19.86,-1.86
Cape Town,2025-11-29,21.5,25.0,19.93,1.57
Cape Town,2025-11-30,22.0,26.0,20.0,2.0
Cape Town,2025-12-01,21.0,25.0,20.08,0.92
Cape Town,2025-12-02,22.5,26.0,20.15,2.35
Cape Town,2025-12-03,23.5,29.0,20.22,3.28
Cape Town,2025-12-04,24.0,31.0,20.27,3.73
Cape Town,2025-12-05,21.0,24.0,20.33,0.67
Cape Town,2025-12-06,21.0,24.0,20.38,0.62
Cape Town,2025-12-07,21.5,26.0,20.48,1.02
Cape Town,2025-12-08,20.5,24.0,20.59,-0.09
Cape Town,2025-12-09,21.5,25.0,20.66,0.84
Cape Town,2025-12-10,22.0,28.0,20.72,1.28
Cape Town,2025-12-11,23.0,31.0,20.75,2.25
Cape Town,2025-12-12,19.5,23.0,20.83,-1.33
Cape Town,2025-12-13,17.5,21.0,20.9,-3.4
Cape Town,2025-12-14,17.0,23.0,20.97,-3.97
Cape Town,2025-12-15,21.0,25.0,21.02,-0.02
Cape Town,2025-12-16,21.0,24.0,21.05,-0.05
Cape Town,2025-12-17,19.0,22.0,21.08,-2.08
Cape Town,2025-12-18,18.5,23.0,21.13,-2.63
Cape Town,2025-12-19,20.0,23.0,21.23,-1.23
Cape Town,2025-12-20,23.5,29.0,21.33,2.17
Cape Town,2025-12-21,24.7,30.1,21.41,3.29
Cape Town,2025-12-22,24.45,29.0,21.46,2.99
Cape Town,2025-12-23,21.5,24.0,21.49,0.01
Cape Town,2025-12-24,22.0,26.0,21.49,0.51
Cape Town,2025-12-25,23.5,28.0,21.52,1.98
Cape Town,2025-12-26,24.0,29.0,21.52,2.48
Cape Town,2025-12-27,22.0,27.0,21.52,0.48
Cape Town,2025-12-28,24.0,29.0,21.53,2.47
Cape Town,2025-12-29,26.0,32.0,21.56,4.44
Cape Town,2025-12-30,21.0,26.0,21.57,-0.57
Cape Town,2025-12-31,22.0,26.0,21.61,0.39
Cairo,2025-01-01,14.9,19.0,14.96,-0.06
Cairo,2025-01-02,15.0,20.0,14.92,0.08
Cairo,2025-01-03,15.0,20.0,14.86,0.14
Cairo,2025-01-04,16.5,21.0,14.79,1.71
Cairo,2025-01-05,16.0,20.0,14.74,1.26
Cairo,2025-01-06,17.15,20.3,14.73,2.42
Cairo,2025-01-07,16.5,20.0,14.72,1.78
Cairo,2025-01-08,16.0,22.0,14.71,1.29
Cairo,2025-01-09,15.5,21.0,14.71,0.79
Cairo,2025-01-10,16.55,20.2,14.71,1.84
Cairo,2025-01-11,17.0,20.0,14.71,2.29
Cairo,2025-01-12,17.85,22.7,14.71,3.14
Cairo,2025-01-13,17.5,23.0,14.7,2.8
Cairo,2025-01-14,16.05,20.2,14.7,1.35
Cairo,2025-01-15,16.85,20.0,14.69,2.16
Cairo,2025-01-16,17.5,21.0,14.67,2.83
Cairo,2025-01-17,17.1,20.2,14.69,2.41
Cairo,2025-01-18,16.75,20.5,14.7,2.05
Cairo,2025-01-19,16.1,20.2,14.71,1.39
Cairo,2025-01-20,16.0,21.0,14.75,1.25
Cairo,2025-01-21,18.0,23.0,14.77,3.23
Cairo,2025-01-22,17.15,21.0,14.81,2.34
Cairo,2025-01-23,17.0,21.0,14.87,2.13
Cairo,2025-01-24,15.95,20.0,14.93,1.02
Cairo,2025-01-25,16.0,20.0,14.98,1.02
Cairo,2025-01-26,16.5,21.0,15.02,1.48
Cairo,2025-01-27,16.0,20.0,15.06,0.94
Cairo,2025-01-28,16.5,20.0,15.12,1.38
Cairo,2025-01-29,16.3,20.6,15.19,1.11
Cairo,2025-01-30,17.0,22.0,15.24,1.76
Cairo,2025-01-31,16.0,20.0,15.26,0.74
Cairo,2025-02-01,16.5,21.0,15.29,1.21
Cairo,2025-02-02,16.5,22.0,15.34,1.16
Cairo,2025-02-03,17.0,22.0,15.41,1.59
Cairo,2025-02-04,16.4,20.0,15.46,0.94
Cairo,2025-02-05,16.0,19.0,15.51,0.49
Cairo,2025-02-06,13.5,15.0,15.56,-2.06
Cairo,2025-02-07,13.6,15.2,15.62,-2.02
Cairo,2025-02-08,13.5,16.0,15.68,-2.18
Cairo,2025-02-09,14.0,16.0,15.75,-1.75
Cairo,2025-02-10,14.7,18.0,15.81,-1.11
Cairo,2025-02-11,13.5,17.0,15.89,-2.39
Cairo,2025-02-12,13.65,17.0,15.96,-2.31
Cairo,2025-02-13,14.05,17.1,16.06,-2.01
Cairo,2025-02-14,13.85,19.0,16.15,-2.3
Cairo,2025-02-15,14.2,19.4,16.25,-2.05
Cairo,2025-02-16,16.0,20.0,16.38,-0.38
Cairo,2025-02-17,17.0,22.0,16.49,0.51
Cairo,2025-02-18,18.5,23.0,16.64,1.86
Cairo,2025-02-19,17.7,20.6,16.8,0.9
Cairo,2025-02-20,16.0,19.0,16.91,-0.91
Cairo,2025-02-21,13.5,16.0,17.05,-3.55
Cairo,2025-02-22,13.0,16.0,17.12,-4.12
Cairo,2025-02-23,11.55,14.1,17.21,-5.66
Cairo,2025-02-24,11.2,14.4,17.32,-6.12
Cairo,2025-02-25,11.35,15.7,17.45,-6.1
Cairo,2025-02-26,13.5,18.0,17.56,-4.06
Cairo,2025-02-27,15.0,20.0,17.67,-2.67
Cairo,2025-02-28,15.0,20.0,17.74,-2.74
Cairo,2025-03-01,17.0,21.0,17.78,-0.78
Cairo,2025-03-02,16.5,22.0,17.83,-1.33
Cairo,2025-03-03,16.5,22.0,17.89,-1.39
Cairo,2025-03-04,16.6,20.2,17.97,-1.37
Cairo,2025-03-05,16.65,20.3,18.05,-1.4
Cairo,2025-03-06,17.35,21.1,18.14,-0.79
Cairo,2025-03-07,17.0,21.0,18.25,-1.25
Cairo,2025-03-08,18.0,22.0,18.4,-0.4
Cairo,2025-03-09,19.0,23.0,18.47,0.53
Cairo,2025-03-10,20.5,25.0,18.54,1.96
Cairo,2025-03-11,20.0,26.0,18.61,1.39
Cairo,2025-03-12,21.0,28.0,18.7,2.3
Cairo,2025-03-13,23.0,30.0,18.78,4.22
Cairo,2025-03-14,24.9,30.8,18.87,6.03
Cairo,2025-03-15,23.85,30.0,18.95,4.9
Cairo,2025-03-16,26.35,35.0,19.05,7.3
Cairo,2025-03-17,27.05,34.1,19.14,7.91
Cairo,2025-03-18,22.5,27.0,19.23,3.27
Cairo,2025-03-19,19.8,24.8,19.3,0.5
Cairo,2025-03-20,18.35,23.7,19.37,-1.02
Cairo,2025-03-21,15.4,18.0,19.44,-4.04
Cairo,2025-03-22,15.85,19.0,19.48,-3.63
Cairo,2025-03-23,16.0,21.0,19.59,-3.59
Cairo,2025-03-24,18.55,25.1,19.64,-1.09
Cairo,2025-03-25,21.7,29.4,19.71,1.99
Cairo,2025-03-26,23.75,31.0,19.77,3.98
Cairo,2025-03-27,26.85,35.1,19.84,7.01
Cairo,2025-03-28,23.35,29.0,19.91,3.44
Cairo,2025-03-29,19.65,23.3,20.0,-0.35
Cairo,2025-03-30,21.45,27.0,20.12,1.33
Cairo,2025-03-31,25.6,31.0,20.25,5.35
Cairo,2025-04-01,22.95,25.0,20.4,2.55
Cairo,2025-04-02,22.5,27.0,20.58,1.92
Cairo,2025-04-03,21.95,27.0,20.79,1.16
Cairo,2025-04-04,20.0,24.0,20.93,-0.93
Cairo,2025-04-05,21.75,28.0,21.07,0.68
Cairo,2025-04-06,23.55,29.0,21.18,2.37
Cairo,2025-04-07,21.0,28.0,21.33,-0.33
Cairo,2025-04-08,28.0,36.0,21.4,6.6
Cairo,2025-04-09,21.15,25.0,21.51,-0.36
Cairo,2025-04-10,18.0,21.0,21.62,-3.62
Cairo,2025-04-11,17.35,21.0,21.72,-4.37
Cairo,2025-04-12,18.5,23.0,21.83,-3.33
Cairo,2025-04-13,18.5,22.0,21.96,-3.46
Cairo,2025-04-14,18.5,23.0,22.09,-3.59
Cairo,2025-04-15,18.85,23.2,22.21,-3.36
Cairo,2025-04-16,19.8,24.6,22.32,-2.52
Cairo,2025-04-17,21.0,26.6,22.44,-1.44
Cairo,2025-04-18,22.4,28.5,22.57,-0.17
Cairo,2025-04-19,23.2,29.5,22.72,0.48
Cairo,2025-04-20,24.25,30.3,22.87,1.38
Cairo,2025-04-21,25.7,32.0,22.99,2.71
Cairo,2025-04-22,31.05,40.0,23.09,7.96
Cairo,2025-04-23,28.5,34.0,23.15,5.35
Cairo,2025-04-24,22.5,25.0,23.25,-0.75
Cairo,2025-04-25,22.0,26.0,23.43,-1.43
Cairo,2025-04-26,22.0,26.0,23.53,-1.53
Cairo,2025-04-27,22.5,27.0,23.65,-1.15
Cairo,2025-04-28,22.5,27.0,23.81,-1.31
Cairo,2025-04-29,23.5,29.0,23.98,-0.48
Cairo,2025-04-30,23.0,27.0,24.12,-1.12
Cairo,2025-05-01,22.5,27.0,24.27,-1.77
Cairo,2025-05-02,23.0,27.0,24.39,-1.39
Cairo,2025-05-03,21.5,25.0,24.5,-3.0
Cairo,2025-05-04,21.0,24.0,24.6,-3.6
Cairo,2025-05-05,23.0,28.0,24.72,-1.72
Cairo,2025-05-06,25.5,31.0,24.84,0.66
Cairo,2025-05-07,26.5,33.0,25.0,1.5
Cairo,2025-05-08,26.5,34.0,25.14,1.36
Cairo,2025-05-09,28.0,36.0,25.25,2.75
Cairo,2025-05-10,30.0,37.0,25.38,4.62
Cairo,2025-05-11,32.5,40.0,25.56,6.94
Cairo,2025-05-12,25.5,30.0,25.76,-0.26
Cairo,2025-05-13,30.0,36.0,25.87,4.13
Cairo,2025-05-14,24.5,29.0,25.98,-1.48
Cairo,2025-05-15,24.5,29.0,26.08,-1.58
Cairo,2025-05-16,29.5,38.0,26.2,3.3
Cairo,2025-05-17,32.5,40.0,26.29,6.21
Cairo,2025-05-18,27.0,32.0,26.4,0.6
Cairo,2025-05-19,25.0,30.0,26.5,-1.5
Cairo,2025-05-20,23.5,29.0,26.58,-3.08
Cairo,2025-05-21,24.5,30.0,26.66,-2.16
Cairo,2025-05-22,25.0,31.0,26.74,-1.74
Cairo,2025-05-23,27.5,35.0,26.85,0.65
Cairo,2025-05-24,30.0,37.0,26.99,3.01
Cairo,2025-05-25,31.0,38.0,27.1,3.9
Cairo,2025-05-26,32.5,42.0,27.19,5.31
Cairo,2025-05-27,25.0,29.0,27.31,-2.31
Cairo,2025-05-28,25.5,31.0,27.4,-1.9
Cairo,2025-05-29,26.5,31.0,27.46,-0.96
Cairo,2025-05-30,26.5,31.0,27.52,-1.02
Cairo,2025-05-31,26.0,30.0,27.57,-1.57
Cairo,2025-06-01,26.0,30.0,27.62,-1.62
Cairo,2025-06-02,25.0,29.0,27.71,-2.71
Cairo,2025-06-03,25.0,30.0,27.81,-2.81
Cairo,2025-06-04,26.0,32.0,27.9,-1.9
Cairo,2025-06-05,27.0,33.0,28.01,-1.01
Cairo,2025-06-06,28.0,34.0,28.08,-0.08
Cairo,2025-06-07,28.5,35.0,28.15,0.35
Cairo,2025-06-08,31.0,39.0,28.18,2.82
Cairo,2025-06-09,28.5,35.0,28.27,0.23
Cairo,2025-06-10,29.5,36.0,28.35,1.15
Cairo,2025-06-11,29.5,36.0,28.4,1.1
Cairo,2025-06-12,30.5,36.0,28.45,2.05
Cairo,2025-06-13,30.0,37.0,28.52,1.48
Cairo,2025-06-14,29.5,36.0,28.59,0.91
Cairo,2025-06-15,28.5,34.0,28.64,-0.14
Cairo,2025-06-16,27.0,32.0,28.69,-1.69
Cairo,2025-06-17,27.5,33.0,28.75,-1.25
Cairo,2025-06-18,29.0,34.0,28.8,0.2
Cairo,2025-06-19,29.0,35.0,28.84,0.16
Cairo,2025-06-20,29.0,35.0,28.87,0.13
Cairo,2025-06-21,29.5,35.0,28.9,0.6
Cairo,2025-06-22,29.5,35.0,28.94,0.56
Cairo,2025-06-23,28.0,33.0,28.98,-0.98
Cairo,2025-06-24,28.5,34.0,29.01,-0.51
Cairo,2025-06-25,28.5,34.0,29.05,-0.55
Cairo,2025-06-26,29.0,34.0,29.1,-0.1
Cairo,2025-06-27,29.5,35.0,29.16,0.34
Cairo,2025-06-28,30.0,36.0,29.22,0.78
Cairo,2025-06-29,31.0,37.0,29.27,1.73
Cairo,2025-06-30,31.5,38.0,29.32,2.18
Cairo,2025-07-01,31.5,36.0,29.36,2.14
Cairo,2025-07-02,29.5,34.0,29.4,0.1
Cairo,2025-07-03,30.5,36.0,29.44,1.06
Cairo,2025-07-04,30.0,36.0,29.43,0.57
Cairo,2025-07-05,29.5,35.0,29.43,0.07
Cairo,2025-07-06,29.5,35.0,29.41,0.09
Cairo,2025-07-07,29.5,36.0,29.42,0.08
Cairo,2025-07-08,30.0,36.0,29.43,0.57
Cairo,2025-07-09,29.0,35.0,29.45,-0.45
Cairo,2025-07-10,31.5,37.0,29.47,2.03
Cairo,2025-07-11,31.0,36.0,29.51,1.49
Cairo,2025-07-12,30.0,35.0,29.54,0.46
Cairo,2025-07-13,28.5,33.0,29.54,-1.04
Cairo,2025-07-14,28.5,33.0,29.57,-1.07
Cairo,2025-07-15,29.5,35.0,29.6,-0.1
Cairo,2025-07-16,32.45,38.0,29.64,2.81
Cairo,2025-07-17,33.55,39.0,29.69,3.86
Cairo,2025-07-18,32.0,37.0,29.73,2.27
Cairo,2025-07-19,30.0,36.0,29.76,0.24
Cairo,2025-07-20,30.0,35.0,29.79,0.21
Cairo,2025-07-21,30.5,35.0,29.83,0.67
Cairo,2025-07-22,31.0,37.0,29.88,1.12
Cairo,2025-07-23,32.5,38.0,29.92,2.58
Cairo,2025-07-24,32.5,38.0,29.95,2.55
Cairo,2025-07-25,32.5,38.0,29.96,2.54
Cairo,2025-07-26,34.0,41.0,29.98,4.02
Cairo,2025-07-27,35.0,41.0,29.98,5.02
Cairo,2025-07-28,33.0,39.0,29.99,3.01
Cairo,2025-07-29,31.0,36.0,30.0,1.0
Cairo,2025-07-30,29.5,34.0,30.01,-0.51
Cairo,2025-07-31,30.5,35.0,30.03,0.47
Cairo,2025-08-01,29.5,33.0,30.03,-0.53
Cairo,2025-08-02,30.0,34.0,30.04,-0.04
Cairo,2025-08-03,29.5,34.0,30.03,-0.53
Cairo,2025-08-04,30.0,34.0,30.05,-0.05
Cairo,2025-08-05,29.0,33.0,30.06,-1.06
Cairo,2025-08-06,30.0,35.0,30.08,-0.08
Cairo,2025-08-07,29.5,34.0,30.1,-0.6
Cairo,2025-08-08,29.0,33.0,30.11,-1.11
Cairo,2025-08-09,31.0,37.0,30.11,0.89
Cairo,2025-08-10,34.0,40.0,30.12,3.88
Cairo,2025-08-11,33.5,40.0,30.1,3.4
Cairo,2025-08-12,33.0,39.0,30.09,2.91
Cairo,2025-08-13,33.0,39.0,30.08,2.92
Cairo,2025-08-14,32.5,38.0,30.06,2.44
Cairo,2025-08-15,32.5,38.0,30.03,2.47
Cairo,2025-08-16,30.0,34.0,29.99,0.01
Cairo,2025-08-17,29.5,33.0,29.95,-0.45
Cairo,2025-08-18,30.0,36.0,29.91,0.09
Cairo,2025-08-19,32.5,39.0,29.87,2.63
Cairo,2025-08-20,30.5,35.0,29.84,0.66
Cairo,2025-08-21,30.0,34.0,29.8,0.2
Cairo,2025-08-22,30.0,35.0,29.76,0.24
Cairo,2025-08-23,31.0,37.0,29.71,1.29
Cairo,2025-08-24,31.0,36.0,29.66,1.34
Cairo,2025-08-25,30.5,35.0,29.63,0.87
Cairo,2025-08-26,30.0,35.0,29.58,0.42
Cairo,2025-08-27,29.0,33.0,29.53,-0.53
Cairo,2025-08-28,28.0,33.0,29.49,-1.49
Cairo,2025-08-29,29.5,35.0,29.44,0.06
Cairo,2025-08-30,29.5,34.0,29.38,0.12
Cairo,2025-08-31,29.5,36.0,29.32,0.18
Cairo,2025-09-01,29.5,35.0,29.27,0.23
Cairo,2025-09-02,30.0,35.0,29.21,0.79
Cairo,2025-09-03,29.5,34.0,29.17,0.33
Cairo,2025-09-04,29.5,34.0,29.14,0.36
Cairo,2025-09-05,29.5,35.0,29.08,0.42
Cairo,2025-09-06,29.5,34.0,29.02,0.48
Cairo,2025-09-07,28.0,32.0,28.97,-0.97
Cairo,2025-09-08,27.5,31.0,28.9,-1.4
Cairo,2025-09-09,26.5,31.0,28.82,-2.32
Cairo,2025-09-10,27.5,31.0,28.72,-1.22
Cairo,2025-09-11,28.7,34.0,28.66,0.04
Cairo,2025-09-12,29.0,35.0,28.59,0.41
Cairo,2025-09-13,29.5,35.0,28.52,0.98
Cairo,2025-09-14,29.0,35.0,28.46,0.54
Cairo,2025-09-15,28.5,34.0,28.4,0.1
Cairo,2025-09-16,27.5,31.0,28.36,-0.86
Cairo,2025-09-17,27.5,31.0,28.28,-0.78
Cairo,2025-09-18,28.5,33.0,28.21,0.29
Cairo,2025-09-19,28.5,33.0,28.11,0.39
Cairo,2025-09-20,27.5,31.0,28.01,-0.51
Cairo,2025-09-21,26.0,31.0,27.91,-1.91
Cairo,2025-09-22,27.0,31.0,27.8,-0.8
Cairo,2025-09-23,27.5,32.0,27.71,-0.21
Cairo,2025-09-24,27.0,31.0,27.62,-0.62
Cairo,2025-09-25,26.5,30.0,27.53,-1.03
Cairo,2025-09-26,26.5,31.0,27.43,-0.93
Cairo,2025-09-27,27.5,32.0,27.33,0.17
Cairo,2025-09-28,27.5,32.0,27.22,0.28
Cairo,2025-09-29,27.0,33.0,27.13,-0.13
Cairo,2025-09-30,27.5,33.0,27.05,0.45
Cairo,2025-10-01,26.0,30.0,26.95,-0.95
Cairo,2025-10-02,28.5,36.0,26.84,1.66
Cairo,2025-10-03,28.0,32.0,26.76,1.24
Cairo,2025-10-04,27.5,33.0,26.65,0.85
Cairo,2025-10-05,26.5,30.0,26.54,-0.04
Cairo,2025-10-06,24.5,29.0,26.44,-1.94
Cairo,2025-10-07,26.5,31.0,26.32,0.18
Cairo,2025-10-08,27.15,31.1,26.18,0.97
Cairo,2025-10-09,25.35,28.3,26.07,-0.72
Cairo,2025-10-10,24.0,27.1,25.96,-1.96
Cairo,2025-10-11,23.75,28.0,25.84,-2.09
Cairo,2025-10-12,23.0,27.0,25.7,-2.7
Cairo,2025-10-13,23.5,28.0,25.56,-2.06
Cairo,2025-10-14,23.5,28.0,25.4,-1.9
Cairo,2025-10-15,23.0,27.0,25.23,-2.23
Cairo,2025-10-16,23.0,28.0,25.08,-2.08
Cairo,2025-10-17,23.5,28.0,24.92,-1.42
Cairo,2025-10-18,23.0,29.0,24.78,-1.78
Cairo,2025-10-19,23.5,29.0,24.65,-1.15
Cairo,2025-10-20,25.5,32.0,24.54,0.96
Cairo,2025-10-21,25.5,33.0,24.41,1.09
Cairo,2025-10-22,27.5,34.0,24.28,3.22
Cairo,2025-10-23,25.5,31.0,24.15,1.35
Cairo,2025-10-24,25.5,31.0,24.0,1.5
Cairo,2025-10-25,26.0,32.0,23.85,2.15
Cairo,2025-10-26,25.0,29.0,23.69,1.31
Cairo,2025-10-27,24.5,29.0,23.56,0.94
Cairo,2025-10-28,24.0,29.0,23.43,0.57
Cairo,2025-10-29,23.5,29.0,23.27,0.23
Cairo,2025-10-30,24.5,28.0,23.12,1.38
Cairo,2025-10-31,25.0,29.0,22.96,2.04
Cairo,2025-11-01,24.5,29.0,22.82,1.68
Cairo,2025-11-02,25.0,29.0,22.66,2.34
Cairo,2025-11-03,25.0,28.0,22.46,2.54
Cairo,2025-11-04,27.5,33.0,22.29,5.21
Cairo,2025-11-05,25.0,28.0,22.11,2.89
Cairo,2025-11-06,24.5,27.0,21.94,2.56
Cairo,2025-11-07,24.5,28.0,21.76,2.74
Cairo,2025-11-08,23.0,28.0,21.59,1.41
Cairo,2025-11-09,23.5,28.0,21.41,2.09
Cairo,2025-11-10,24.65,29.0,21.24,3.41
Cairo,2025-11-11,22.5,26.0,21.12,1.38
Cairo,2025-11-12,21.0,26.0,20.97,0.03
Cairo,2025-11-13,20.5,24.0,20.83,-0.33
Cairo,2025-11-14,20.5,24.0,20.72,-0.22
Cairo,2025-11-15,21.0,25.0,20.59,0.41
Cairo,2025-11-16,21.0,25.0,20.46,0.54
Cairo,2025-11-17,19.5,24.0,20.32,-0.82
Cairo,2025-11-18,20.5,26.0,20.19,0.31
Cairo,2025-11-19,21.5,27.0,20.03,1.47
Cairo,2025-11-20,21.0,26.0,19.87,1.13
Cairo,2025-11-21,24.0,30.0,19.72,4.28
Cairo,2025-11-22,26.0,33.0,19.59,6.41
Cairo,2025-11-23,26.5,34.0,19.46,7.04
Cairo,2025-11-24,22.5,25.0,19.33,3.17
Cairo,2025-11-25,20.0,23.0,19.18,0.82
Cairo,2025-11-26,18.5,23.0,19.03,-0.53
Cairo,2025-11-27,19.5,25.0,18.87,0.63
Cairo,2025-11-28,19.0,24.0,18.71,0.29
Cairo,2025-11-29,20.0,25.0,18.58,1.42
Cairo,2025-11-30,19.0,22.0,18.45,0.55
Cairo,2025-12-01,18.0,23.0,18.31,-0.31
Cairo,2025-12-02,18.0,23.0,18.17,-0.17
Cairo,2025-12-03,19.0,24.0,18.04,0.96
Cairo,2025-12-04,20.0,26.0,17.92,2.08
Cairo,2025-12-05,21.5,26.0,17.8,3.7
Cairo,2025-12-06,18.5,23.0,17.67,0.83
Cairo,2025-12-07,16.0,20.0,17.53,-1.53
Cairo,2025-12-08,17.0,20.0,17.42,-0.42
Cairo,2025-12-09,16.5,20.0,17.3,-0.8
Cairo,2025-12-10,16.5,20.0,17.19,-0.69
Cairo,2025-12-11,17.5,20.0,17.06,0.44
Cairo,2025-12-12,17.0,20.0,16.92,0.08
Cairo,2025-12-13,17.0,21.0,16.79,0.21
Cairo,2025-12-14,17.5,21.0,16.67,0.83
Cairo,2025-12-15,17.5,20.0,16.56,0.94
Cairo,2025-12-16,16.5,20.0,16.46,0.04
Cairo,2025-12-17,16.0,20.0,16.33,-0.33
Cairo,2025-12-18,15.0,20.0,16.21,-1.21
Cairo,2025-12-19,15.5,21.0,16.1,-0.6
Cairo,2025-12-20,16.0,22.0,15.99,0.01
Cairo,2025-12-21,18.2,22.1,15.91,2.29
Cairo,2025-12-22,17.2,21.0,15.82,1.38
Cairo,2025-12-23,16.5,20.0,15.72,0.78
Cairo,2025-12-24,16.5,22.0,15.59,0.91
Cairo,2025-12-25,16.5,22.0,15.46,1.04
Cairo,2025-12-26,16.0,21.0,15.36,0.64
Cairo,2025-12-27,16.0,20.0,15.29,0.71
Cairo,2025-12-28,16.0,19.0,15.22,0.78
Cairo,2025-12-29,17.0,21.0,15.14,1.86
Cairo,2025-12-30,17.0,20.0,15.06,1.94
Cairo,2025-12-31,17.0,21.0,15.0,2.0
Moscow,2025-01-01,-1.3,1.6,-5.35,4.05
Moscow,2025-01-02,2.65,3.9,-5.33,7.98
Moscow,2025-01-03,-1.7,2.8,-5.36,3.66
Moscow,2025-01-04,-3.1,-2.5,-5.42,2.32
Moscow,2025-01-05,-4.2,-2.8,-5.51,1.31
Moscow,2025-01-06,-4.25,-3.7,-5.6,1.35
Moscow,2025-01-07,-1.1,1.9,-5.69,4.59
Moscow,2025-01-08,3.2,4.3,-5.76,8.96
Moscow,2025-01-09,0.3,1.9,-5.82,6.12
Moscow,2025-01-10,1.6,2.9,-5.87,7.47
Moscow,2025-01-11,3.3,4.8,-5.97,9.27
Moscow,2025-01-12,-1.3,0.5,-6.06,4.76
Moscow,2025-01-13,-1.95,-0.8,-6.1,4.15
Moscow,2025-01-14,-4.15,-1.2,-6.13,1.98
Moscow,2025-01-15,0.1,1.7,-6.22,6.32
Moscow,2025-01-16,-0.4,1.9,-6.29,5.89
Moscow,2025-01-17,2.7,3.8,-6.37,9.07
Moscow,2025-01-18,1.75,3.2,-6.45,8.2
Moscow,2025-01-19,0.45,1.5,-6.5,6.95
Moscow,2025-01-20,0.65,2.6,-6.55,7.2
Moscow,2025-01-21,-4.35,-1.3,-6.58,2.23
Moscow,2025-01-22,-4.8,-1.9,-6.58,1.78
Moscow,2025-01-23,-2.75,-2.2,-6.6,3.85
Moscow,2025-01-24,-1.15,-0.2,-6.63,5.48
Moscow,2025-01-25,0.0,1.3,-6.64,6.64
Moscow,2025-01-26,2.45,3.5,-6.67,9.12
Moscow,2025-01-27,4.25,5.5,-6.7,10.95
Moscow,2025-01-28,4.75,5.3,-6.74,11.49
Moscow,2025-01-29,4.4,5.0,-6.81,11.21
Moscow,2025-01-30,6.0,7.7,-6.87,12.87
Moscow,2025-01-31,4.45,5.9,-6.93,11.38
Moscow,2025-02-01,3.65,4.7,-6.97,10.62
Moscow,2025-02-02,1.1,2.4,-7.0,8.1
Moscow,2025-02-03,0.0,1.0,-7.0,7.0
Moscow,2025-02-04,-0.8,1.2,-6.96,6.16
Moscow,2025-02-05,-1.25,-0.2,-6.91,5.66
Moscow,2025-02-06,-1.1,0.0,-6.86,5.76
Moscow,2025-02-07,-3.05,-1.6,-6.79,3.74
Moscow,2025-02-08,-4.05,-2.7,-6.69,2.64
Moscow,2025-02-09,-6.05,-4.7,-6.56,0.51
Moscow,2025-02-10,-5.4,-4.5,-6.42,1.02
Moscow,2025-02-11,-6.3,-5.7,-6.28,-0.02
Moscow,2025-02-12,-7.1,-5.7,-6.16,-0.94
Moscow,2025-02-13,-7.15,-6.5,-6.05,-1.1
Moscow,2025-02-14,-5.85,-4.6,-5.95,0.1
Moscow,2025-02-15,-8.25,-7.0,-5.82,-2.43
Moscow,2025-02-16,-9.45,-8.3,-5.66,-3.79
Moscow,2025-02-17,-10.8,-9.0,-5.47,-5.33
Moscow,2025-02-18,-8.25,-5.4,-5.27,-2.98
Moscow,2025-02-19,-6.05,-4.2,-5.11,-0.94
Moscow,2025-02-20,-7.55,-6.2,-4.95,-2.6
Moscow,2025-02-21,-5.55,-2.4,-4.81,-0.74
Moscow,2025-02-22,-3.75,-1.1,-4.65,0.9
Moscow,2025-02-23,-6.15,-2.1,-4.42,-1.73
Moscow,2025-02-24,-7.7,-2.2,-4.19,-3.51
Moscow,2025-02-25,-6.4,-0.2,-4.03,-2.37
Moscow,2025-02-26,-4.25,0.1,-3.83,-0.42
Moscow,2025-02-27,-3.3,2.6,-3.6,0.3
Moscow,2025-02-28,-2.7,3.7,-3.42,0.72
Moscow,2025-03-01,1.5,4.7,-3.24,4.74
Moscow,2025-03-02,0.25,1.3,-3.08,3.33
Moscow,2025-03-03,0.65,2.0,-2.91,3.56
Moscow,2025-03-04,2.05,3.4,-2.73,4.78
Moscow,2025-03-05,2.1,3.2,-2.55,4.65
Moscow,2025-03-06,4.55,7.2,-2.37,6.92
Moscow,2025-03-07,6.65,9.8,-2.2,8.85
Moscow,2025-03-08,3.95,10.4,-2.04,5.99
Moscow,2025-03-09,7.3,11.8,-1.84,9.14
Moscow,2025-03-10,5.25,10.0,-1.65,6.9
Moscow,2025-03-11,8.7,12.2,-1.47,10.17
Moscow,2025-03-12,8.25,10.1,-1.34,9.59
Moscow,2025-03-13,9.05,12.7,-1.21,10.26
Moscow,2025-03-14,8.65,12.5,-1.04,9.69
Moscow,2025-03-15,1.75,3.9,-0.85,2.6
Moscow,2025-03-16,2.1,6.5,-0.67,2.77
Moscow,2025-03-17,0.5,2.3,-0.5,1.0
Moscow,2025-03-18,-0.85,1.4,-0.32,-0.53
Moscow,2025-03-19,0.65,4.5,-0.15,0.8
Moscow,2025-03-20,3.6,8.6,0.04,3.56
Moscow,2025-03-21,4.45,9.9,0.23,4.22
Moscow,2025-03-22,2.3,4.6,0.46,1.84
Moscow,2025-03-23,0.5,5.7,0.7,-0.2
Moscow,2025-03-24,4.15,10.7,0.95,3.2
Moscow,2025-03-25,4.85,6.7,1.19,3.66
Moscow,2025-03-26,3.85,5.9,1.4,2.45
Moscow,2025-03-27,4.8,7.0,1.6,3.2
Moscow,2025-03-28,6.85,9.6,1.83,5.02
Moscow,2025-03-29,6.6,13.1,2.01,4.59
Moscow,2025-03-30,6.85,12.7,2.21,4.64
Moscow,2025-03-31,9.6,15.9,2.45,7.15
Moscow,2025-04-01,10.6,13.1,2.71,7.89
Moscow,2025-04-02,9.65,12.9,2.99,6.66
Moscow,2025-04-03,9.8,13.8,3.28,6.52
Moscow,2025-04-04,10.4,16.4,3.55,6.85
Moscow,2025-04-05,4.5,6.6,3.79,0.71
Moscow,2025-04-06,-0.65,1.4,4.07,-4.72
Moscow,2025-04-07,-0.85,0.8,4.34,-5.19
Moscow,2025-04-08,-1.1,-0.1,4.63,-5.73
Moscow,2025-04-09,-0.65,1.3,4.91,-5.56
Moscow,2025-04-10,0.1,2.5,5.19,-5.09
Moscow,2025-04-11,2.4,4.3,5.48,-3.08
Moscow,2025-04-12,2.05,4.0,5.8,-3.75
Moscow,2025-04-13,4.6,9.2,6.13,-1.53
Moscow,2025-04-14,6.25,13.0,6.45,-0.2
Moscow,2025-04-15,12.2,17.1,6.75,5.45
Moscow,2025-04-16,14.25,21.3,7.02,7.23
Moscow,2025-04-17,15.5,22.8,7.31,8.19
Moscow,2025-04-18,16.9,21.9,7.6,9.3
Moscow,2025-04-19,17.5,23.3,7.88,9.62
Moscow,2025-04-20,16.05,20.9,8.16,7.89
Moscow,2025-04-21,17.45,25.6,8.44,9.01
Moscow,2025-04-22,16.05,23.3,8.69,7.36
Moscow,2025-04-23,17.7,24.9,8.94,8.76
Moscow,2025-04-24,14.25,17.8,9.2,5.05
Moscow,2025-04-25,12.35,16.6,9.45,2.9
Moscow,2025-04-26,4.0,6.2,9.67,-5.67
Moscow,2025-04-27,2.4,4.9,9.9,-7.5
Moscow,2025-04-28,5.0,10.2,10.14,-5.14
Moscow,2025-04-29,8.45,10.2,10.36,-1.91
Moscow,2025-04-30,7.85,9.5,10.57,-2.72
Moscow,2025-05-01,6.3,8.9,10.76,-4.46
Moscow,2025-05-02,3.5,6.8,10.94,-7.44
Moscow,2025-05-03,7.3,14.7,11.16,-3.86
Moscow,2025-05-04,12.15,18.2,11.32,0.83
Moscow,2025-05-05,10.95,15.0,11.52,-0.57
Moscow,2025-05-06,6.95,11.3,11.73,-4.78
Moscow,2025-05-07,9.25,13.9,11.93,-2.68
Moscow,2025-05-08,6.8,9.0,12.13,-5.33
Moscow,2025-05-09,6.05,10.3,12.31,-6.26
Moscow,2025-05-10,4.9,8.8,12.48,-7.58
Moscow,2025-05-11,5.25,7.0,12.65,-7.4
Moscow,2025-05-12,5.85,8.8,12.81,-6.96
Moscow,2025-05-13,5.65,9.6,12.99,-7.34
Moscow,2025-05-14,9.45,13.6,13.15,-3.7
Moscow,2025-05-15,10.75,17.8,13.33,-2.58
Moscow,2025-05-16,16.65,22.6,13.5,3.15
Moscow,2025-05-17,15.35,20.6,13.63,1.72
Moscow,2025-05-18,15.95,19.9,13.76,2.19
Moscow,2025-05-19,13.05,14.6,13.9,-0.84
Moscow,2025-05-20,13.25,16.7,14.04,-0.79
Moscow,2025-05-21,15.1,19.4,14.17,0.93
Moscow,2025-05-22,15.0,22.8,14.27,0.73
Moscow,2025-05-23,18.35,24.7,14.37,3.98
Moscow,2025-05-24,19.8,26.9,14.51,5.29
Moscow,2025-05-25,20.2,27.4,14.64,5.56
Moscow,2025-05-26,20.95,27.6,14.76,6.19
Moscow,2025-05-27,21.8,25.6,14.9,6.9
Moscow,2025-05-28,20.65,27.1,15.05,5.6
Moscow,2025-05-29,21.45,28.9,15.19,6.26
Moscow,2025-05-30,21.45,24.1,15.35,6.1
Moscow,2025-05-31,20.65,24.3,15.5,5.15
Moscow,2025-06-01,16.7,20.0,15.63,1.07
Moscow,2025-06-02,15.85,21.8,15.76,0.09
Moscow,2025-06-03,18.85,22.3,15.87,2.98
Moscow,2025-06-04,18.6,22.0,16.0,2.6
Moscow,2025-06-05,18.7,24.5,16.14,2.56
Moscow,2025-06-06,20.65,25.2,16.25,4.4
Moscow,2025-06-07,21.95,26.8,16.38,5.57
Moscow,2025-06-08,22.05,26.7,16.5,5.55
Moscow,2025-06-09,22.35,27.2,16.63,5.72
Moscow,2025-06-10,16.9,19.9,16.77,0.13
Moscow,2025-06-11,15.25,19.3,16.91,-1.66
Moscow,2025-06-12,16.7,20.9,17.03,-0.33
Moscow,2025-06-13,17.4,20.5,17.11,0.29
Moscow,2025-06-14,15.05,17.0,17.19,-2.14
Moscow,2025-06-15,14.9,16.8,17.24,-2.34
Moscow,2025-06-16,19.15,24.7,17.31,1.84
Moscow,2025-06-17,18.25,22.3,17.42,0.83
Moscow,2025-06-18,16.7,18.9,17.55,-0.85
Moscow,2025-06-19,15.6,17.5,17.66,-2.06
Moscow,2025-06-20,13.65,15.3,17.76,-4.11
Moscow,2025-06-21,13.95,16.9,17.84,-3.89
Moscow,2025-06-22,12.15,16.1,17.93,-5.78
Moscow,2025-06-23,15.8,19.6,18.03,-2.23
Moscow,2025-06-24,15.95,21.8,18.09,-2.14
Moscow,2025-06-25,16.7,19.5,18.16,-1.46
Moscow,2025-06-26,16.6,19.1,18.24,-1.64
Moscow,2025-06-27,14.9,18.0,18.33,-3.43
Moscow,2025-06-28,16.0,21.8,18.43,-2.43
Moscow,2025-06-29,16.7,20.2,18.52,-1.82
Moscow,2025-06-30,12.45,14.1,18.64,-6.19
Moscow,2025-07-01,12.65,13.9,18.75,-6.1
Moscow,2025-07-02,15.55,18.6,18.84,-3.29
Moscow,2025-07-03,20.2,25.6,18.93,1.27
Moscow,2025-07-04,21.55,26.2,19.0,2.55
Moscow,2025-07-05,17.35,20.8,19.06,-1.71
Moscow,2025-07-06,16.5,21.5,19.11,-2.61
Moscow,2025-07-07,22.45,27.6,19.16,3.29
Moscow,2025-07-08,25.35,32.5,19.23,6.12
Moscow,2025-07-09,25.3,30.0,19.29,6.01
Moscow,2025-07-10,27.25,33.7,19.35,7.9
Moscow,2025-07-11,27.4,34.1,19.42,7.98
Moscow,2025-07-12,27.6,34.6,19.49,8.11
Moscow,2025-07-13,24.3,28.9,19.54,4.76
Moscow,2025-07-14,25.0,29.8,19.6,5.4
Moscow,2025-07-15,21.35,24.5,19.66,1.69
Moscow,2025-07-16,21.0,24.3,19.72,1.28
Moscow,2025-07-17,21.25,25.3,19.76,1.49
Moscow,2025-07-18,20.7,26.3,19.79,0.91
Moscow,2025-07-19,20.75,25.5,19.8,0.95
Moscow,2025-07-20,21.35,24.2,19.8,1.55
Moscow,2025-07-21,19.4,21.3,19.81,-0.41
Moscow,2025-07-22,21.3,24.8,19.84,1.46
Moscow,2025-07-23,20.8,24.1,19.86,0.94
Moscow,2025-07-24,21.2,25.0,19.87,1.33
Moscow,2025-07-25,22.6,27.5,19.87,2.73
Moscow,2025-07-26,20.4,26.1,19.85,0.55
Moscow,2025-07-27,20.85,27.1,19.81,1.04
Moscow,2025-07-28,22.85,28.5,19.75,3.1
Moscow,2025-07-29,23.6,29.4,19.68,3.92
Moscow,2025-07-30,23.7,29.1,19.58,4.12
Moscow,2025-07-31,24.05,29.0,19.49,4.56
Moscow,2025-08-01,22.3,25.4,19.38,2.92
Moscow,2025-08-02,20.7,23.1,19.3,1.4
Moscow,2025-08-03,21.4,26.6,19.26,2.14
Moscow,2025-08-04,20.65,22.8,19.22,1.43
Moscow,2025-08-05,20.9,23.2,19.18,1.72
Moscow,2025-08-06,21.45,25.4,19.11,2.34
Moscow,2025-08-07,17.65,19.9,19.03,-1.38
Moscow,2025-08-08,17.2,21.4,18.94,-1.74
Moscow,2025-08-09,16.45,19.7,18.84,-2.39
Moscow,2025-08-10,17.55,22.6,18.72,-1.17
Moscow,2025-08-11,16.85,19.7,18.56,-1.71
Moscow,2025-08-12,17.05,19.7,18.4,-1.35
Moscow,2025-08-13,17.4,21.4,18.24,-0.84
Moscow,2025-08-14,15.35,18.5,18.11,-2.76
Moscow,2025-08-15,19.35,23.6,17.96,1.39
Moscow,2025-08-16,17.65,22.9,17.81,-0.16
Moscow,2025-08-17,16.9,20.7,17.65,-0.75
Moscow,2025-08-18,13.75,16.9,17.49,-3.74
Moscow,2025-08-19,16.95,19.8,17.33,-0.38
Moscow,2025-08-20,17.4,21.6,17.19,0.21
Moscow,2025-08-21,13.65,16.2,17.03,-3.38
Moscow,2025-08-22,12.65,16.9,16.87,-4.22
Moscow,2025-08-23,13.95,16.3,16.73,-2.78
Moscow,2025-08-24,13.9,18.9,16.56,-2.66
Moscow,2025-08-25,11.85,15.3,16.43,-4.58
Moscow,2025-08-26,13.25,16.2,16.27,-3.02
Moscow,2025-08-27,12.7,16.9,16.11,-3.41
Moscow,2025-08-28,14.2,19.1,15.94,-1.74
Moscow,2025-08-29,15.45,18.7,15.77,-0.32
Moscow,2025-08-30,22.1,28.8,15.61,6.49
Moscow,2025-08-31,21.3,28.6,15.43,5.87
Moscow,2025-09-01,17.85,21.2,15.27,2.58
Moscow,2025-09-02,15.45,17.2,15.07,0.38
Moscow,2025-09-03,15.4,18.1,14.85,0.55
Moscow,2025-09-04,15.15,18.5,14.62,0.53
Moscow,2025-09-05,15.4,20.2,14.4,1.0
Moscow,2025-09-06,15.9,21.6,14.18,1.72
Moscow,2025-09-07,17.6,22.5,13.98,3.62
Moscow,2025-09-08,16.75,22.2,13.78,2.97
Moscow,2025-09-09,17.25,23.4,13.57,3.68
Moscow,2025-09-10,14.9,20.7,13.37,1.53
Moscow,2025-09-11,14.7,21.7,13.16,1.54
Moscow,2025-09-12,13.9,17.5,12.97,0.93
Moscow,2025-09-13,12.4,18.3,12.8,-0.4
Moscow,2025-09-14,12.85,19.1,12.59,0.26
Moscow,2025-09-15,14.95,22.5,12.37,2.58
Moscow,2025-09-16,16.75,23.0,12.16,4.59
Moscow,2025-09-17,16.65,21.5,11.97,4.68
Moscow,2025-09-18,15.15,20.7,11.79,3.36
Moscow,2025-09-19,13.05,15.3,11.6,1.45
Moscow,2025-09-20,14.3,16.3,11.42,2.88
Moscow,2025-09-21,17.7,21.4,11.22,6.48
Moscow,2025-09-22,21.0,26.6,11.02,9.98
Moscow,2025-09-23,15.6,21.3,10.83,4.77
Moscow,2025-09-24,8.5,10.5,10.63,-2.13
Moscow,2025-09-25,7.7,9.7,10.43,-2.73
Moscow,2025-09-26,8.3,13.7,10.25,-1.95
Moscow,2025-09-27,9.6,11.2,10.06,-0.46
Moscow,2025-09-28,7.15,9.1,9.86,-2.71
Moscow,2025-09-29,6.6,9.0,9.66,-3.06
Moscow,2025-09-30,5.3,10.8,9.43,-4.13
Moscow,2025-10-01,6.35,12.7,9.2,-2.85
Moscow,2025-10-02,8.3,13.5,8.97,-0.67
Moscow,2025-10-03,9.35,13.2,8.77,0.58
Moscow,2025-10-04,9.45,15.2,8.59,0.86
Moscow,2025-10-05,10.25,12.7,8.38,1.87
Moscow,2025-10-06,11.3,12.5,8.16,3.14
Moscow,2025-10-07,10.95,11.8,7.93,3.02
Moscow,2025-10-08,11.85,13.8,7.69,4.16
Moscow,2025-10-09,11.05,13.3,7.47,3.58
Moscow,2025-10-10,9.9,10.8,7.26,2.64
Moscow,2025-10-11,11.05,13.5,7.05,4.0
Moscow,2025-10-12,7.3,8.8,6.85,0.45
Moscow,2025-10-13,4.75,6.0,6.67,-1.92
Moscow,2025-10-14,5.0,6.4,6.45,-1.45
Moscow,2025-10-15,3.5,4.8,6.23,-2.73
Moscow,2025-10-16,4.25,6.6,6.0,-1.75
Moscow,2025-10-17,8.15,10.0,5.8,2.35
Moscow,2025-10-18,6.6,8.4,5.59,1.01
Moscow,2025-10-19,5.2,6.4,5.37,-0.17
Moscow,2025-10-20,6.05,7.6,5.17,0.88
Moscow,2025-10-21,4.0,4.8,4.94,-0.94
Moscow,2025-10-22,4.95,6.1,4.75,0.2
Moscow,2025-10-23,5.15,7.3,4.54,0.61
Moscow,2025-10-24,8.0,10.5,4.3,3.7
Moscow,2025-10-25,9.9,11.2,4.08,5.82
Moscow,2025-10-26,7.65,8.6,3.84,3.81
Moscow,2025-10-27,6.9,9.1,3.59,3.31
Moscow,2025-10-28,6.45,7.4,3.33,3.12
Moscow,2025-10-29,6.8,8.0,3.1,3.7
Moscow,2025-10-30,6.6,7.9,2.91,3.69
Moscow,2025-10-31,6.1,6.9,2.74,3.36
Moscow,2025-11-01,5.65,7.2,2.56,3.09
Moscow,2025-11-02,5.85,7.8,2.39,3.46
Moscow,2025-11-03,6.55,8.7,2.19,4.36
Moscow,2025-11-04,7.9,9.3,1.96,5.94
Moscow,2025-11-05,6.5,9.0,1.76,4.74
Moscow,2025-11-06,8.0,9.3,1.56,6.44
Moscow,2025-11-07,9.05,10.1,1.38,7.67
Moscow,2025-11-08,9.7,10.7,1.18,8.52
Moscow,2025-11-09,6.3,8.4,0.97,5.33
Moscow,2025-11-10,3.45,4.7,0.77,2.68
Moscow,2025-11-11,4.5,5.8,0.59,3.91
Moscow,2025-11-12,3.8,4.4,0.39,3.41
Moscow,2025-11-13,5.4,6.9,0.19,5.21
Moscow,2025-11-14,6.2,7.2,-0.04,6.24
Moscow,2025-11-15,2.3,5.8,-0.27,2.57
Moscow,2025-11-16,-2.25,-0.3,-0.51,-1.74
Moscow,2025-11-17,0.75,3.9,-0.72,1.47
Moscow,2025-11-18,5.6,9.8,-0.92,6.52
Moscow,2025-11-19,0.6,1.7,-1.09,1.69
Moscow,2025-11-20,0.4,1.6,-1.25,1.65
Moscow,2025-11-21,0.45,2.3,-1.42,1.87
Moscow,2025-11-22,1.55,2.5,-1.58,3.13
Moscow,2025-11-23,0.25,1.2,-1.75,2.0
Moscow,2025-11-24,2.9,6.5,-1.91,4.81
Moscow,2025-11-25,0.95,1.8,-2.06,3.01
Moscow,2025-11-26,1.35,2.1,-2.19,3.54
Moscow,2025-11-27,3.7,5.6,-2.28,5.98
Moscow,2025-11-28,4.0,6.2,-2.37,6.37
Moscow,2025-11-29,0.85,1.4,-2.51,3.36
Moscow,2025-11-30,3.4,5.1,-2.7,6.1
Moscow,2025-12-01,1.85,3.3,-2.91,4.76
Moscow,2025-12-02,0.9,1.7,-3.07,3.97
Moscow,2025-12-03,1.65,2.2,-3.22,4.87
Moscow,2025-12-04,2.7,4.1,-3.36,6.06
Moscow,2025-12-05,2.9,3.4,-3.48,6.38
Moscow,2025-12-06,2.95,4.0,-3.59,6.54
Moscow,2025-12-07,1.75,2.8,-3.68,5.43
Moscow,2025-12-08,0.85,1.4,-3.78,4.63
Moscow,2025-12-09,0.2,0.7,-3.88,4.08
Moscow,2025-12-10,0.15,1.3,-4.01,4.16
Moscow,2025-12-11,2.45,3.9,-4.11,6.56
Moscow,2025-12-12,0.9,5.3,-4.18,5.08
Moscow,2025-12-13,-4.65,-3.8,-4.27,-0.38
Moscow,2025-12-14,-6.25,-5.1,-4.36,-1.89
Moscow,2025-12-15,-6.6,-4.3,-4.39,-2.21
Moscow,2025-12-16,-1.65,1.8,-4.41,2.76
Moscow,2025-12-17,1.8,2.7,-4.42,6.22
Moscow,2025-12-18,0.95,1.5,-4.47,5.42
Moscow,2025-12-19,0.7,2.1,-4.55,5.25
Moscow,2025-12-20,-0.25,0.7,-4.66,4.41
Moscow,2025-12-21,0.6,1.2,-4.78,5.38
Moscow,2025-12-22,-1.6,1.8,-4.89,3.29
Moscow,2025-12-23,-10.45,-6.0,-5.04,-5.41
Moscow,2025-12-24,-11.2,-6.3,-5.13,-6.07
Moscow,2025-12-25,-3.25,-1.0,-5.2,1.95
Moscow,2025-12-26,-0.05,1.0,-5.26,5.21
Moscow,2025-12-27,-0.55,0.6,-5.35,4.8
Moscow,2025-12-28,-2.1,-1.6,-5.41,3.31
Moscow,2025-12-29,-3.4,-2.7,-5.44,2.04
Moscow,2025-12-30,-4.35,-3.8,-5.44,1.09
Moscow,2025-12-31,-6.2,-4.4,-5.39,-0.81
New Delhi,2025-01-01,11.75,15.5,13.9,-2.15
New Delhi,2025-01-02,12.8,17.0,13.86,-1.06
New Delhi,2025-01-03,14.3,20.0,13.82,0.48
New Delhi,2025-01-04,14.0,19.2,13.77,0.23
New Delhi,2025-01-05,13.8,17.6,13.72,0.08
New Delhi,2025-01-06,13.2,16.4,13.69,-0.49
New Delhi,2025-01-07,12.95,16.9,13.65,-0.7
New Delhi,2025-01-08,14.6,20.8,13.64,0.96
New Delhi,2025-01-09,13.2,20.0,13.65,-0.45
New Delhi,2025-01-10,12.75,17.9,13.68,-0.93
New Delhi,2025-01-11,12.8,16.6,13.72,-0.92
New Delhi,2025-01-12,13.2,16.6,13.77,-0.57
New Delhi,2025-01-13,14.1,18.0,13.84,0.26
New Delhi,2025-01-14,14.85,20.2,13.89,0.96
New Delhi,2025-01-15,11.95,16.9,13.94,-1.99
New Delhi,2025-01-16,14.6,18.6,13.99,0.61
New Delhi,2025-01-17,14.2,19.6,14.04,0.16
New Delhi,2025-01-18,14.8,19.8,14.11,0.69
New Delhi,2025-01-19,17.8,25.4,14.18,3.62
New Delhi,2025-01-20,18.15,24.0,14.27,3.88
New Delhi,2025-01-21,17.6,23.4,14.36,3.24
New Delhi,2025-01-22,17.6,24.8,14.47,3.13
New Delhi,2025-01-23,18.3,25.6,14.59,3.71
New Delhi,2025-01-24,17.3,24.8,14.69,2.61
New Delhi,2025-01-25,16.6,23.2,14.79,1.81
New Delhi,2025-01-26,15.3,22.6,14.89,0.41
New Delhi,2025-01-27,14.9,22.6,14.98,-0.08
New Delhi,2025-01-28,15.4,24.2,15.1,0.3
New Delhi,2025-01-29,16.3,25.0,15.23,1.07
New Delhi,2025-01-30,18.2,26.0,15.36,2.84
New Delhi,2025-01-31,18.4,26.0,15.47,2.93
New Delhi,2025-02-01,18.1,25.0,15.59,2.51
New Delhi,2025-02-02,17.4,22.2,15.71,1.69
New Delhi,2025-02-03,17.5,24.0,15.86,1.64
New Delhi,2025-02-04,18.6,24.4,16.01,2.59
New Delhi,2025-02-05,18.5,26.0,16.16,2.34
New Delhi,2025-02-06,16.6,23.0,16.32,0.28
New Delhi,2025-02-07,17.05,23.0,16.49,0.56
New Delhi,2025-02-08,18.2,25.2,16.65,1.55
New Delhi,2025-02-09,17.8,26.4,16.82,0.98
New Delhi,2025-02-10,18.75,27.2,16.96,1.79
New Delhi,2025-02-11,19.9,28.8,17.11,2.79
New Delhi,2025-02-12,18.9,25.6,17.24,1.66
New Delhi,2025-02-13,18.2,24.0,17.37,0.83
New Delhi,2025-02-14,19.0,26.0,17.52,1.48
New Delhi,2025-02-15,19.3,26.8,17.68,1.62
New Delhi,2025-02-16,19.8,28.0,17.84,1.96
New Delhi,2025-02-17,20.2,27.8,18.03,2.17
New Delhi,2025-02-18,21.2,27.8,18.2,3.0
New Delhi,2025-02-19,19.1,26.6,18.37,0.73
New Delhi,2025-02-20,21.7,28.4,18.52,3.18
New Delhi,2025-02-21,19.85,27.4,18.69,1.16
New Delhi,2025-02-22,19.0,23.8,18.85,0.15
New Delhi,2025-02-23,18.7,26.2,19.0,-0.3
New Delhi,2025-02-24,19.0,26.4,19.17,-0.17
New Delhi,2025-02-25,20.1,27.6,19.35,0.75
New Delhi,2025-02-26,23.4,31.0,19.53,3.87
New Delhi,2025-02-27,25.95,32.4,19.72,6.23
New Delhi,2025-02-28,22.55,26.4,19.88,2.67
New Delhi,2025-03-01,22.5,27.8,20.02,2.48
New Delhi,2025-03-02,21.0,28.6,20.19,0.81
New Delhi,2025-03-03,19.8,29.0,20.41,-0.61
New Delhi,2025-03-04,21.7,26.8,20.6,1.1
New Delhi,2025-03-05,19.2,24.4,20.83,-1.63
New Delhi,2025-03-06,20.2,27.4,21.03,-0.83
New Delhi,2025-03-07,20.1,29.0,21.23,-1.13
New Delhi,2025-03-08,21.8,30.0,21.43,0.37
New Delhi,2025-03-09,23.4,31.8,21.63,1.77
New Delhi,2025-03-10,24.1,31.8,21.82,2.28
New Delhi,2025-03-11,25.3,33.6,22.0,3.3
New Delhi,2025-03-12,25.8,33.0,22.17,3.63
New Delhi,2025-03-13,26.0,33.2,22.37,3.63
New Delhi,2025-03-14,27.2,35.6,22.59,4.61
New Delhi,2025-03-15,27.45,36.2,22.81,4.64
New Delhi,2025-03-16,25.3,31.2,23.01,2.29
New Delhi,2025-03-17,23.35,28.3,23.22,0.13
New Delhi,2025-03-18,22.7,29.4,23.42,-0.72
New Delhi,2025-03-19,24.0,32.2,23.63,0.37
New Delhi,2025-03-20,24.6,33.0,23.82,0.78
New Delhi,2025-03-21,24.6,32.0,24.03,0.57
New Delhi,2025-03-22,23.7,30.6,24.25,-0.55
New Delhi,2025-03-23,24.9,33.8,24.47,0.43
New Delhi,2025-03-24,25.8,35.2,24.67,1.13
New Delhi,2025-03-25,27.3,36.8,24.87,2.43
New Delhi,2025-03-26,28.6,38.4,25.07,3.53
New Delhi,2025-03-27,28.3,36.2,25.31,2.99
New Delhi,2025-03-28,26.6,31.8,25.51,1.09
New Delhi,2025-03-29,23.1,29.0,25.71,-2.61
New Delhi,2025-03-30,24.5,31.4,25.93,-1.43
New Delhi,2025-03-31,24.5,34.2,26.16,-1.66
New Delhi,2025-04-01,24.7,34.0,26.37,-1.67
New Delhi,2025-04-02,25.4,35.6,26.54,-1.14
New Delhi,2025-04-03,27.2,37.8,26.69,0.51
New Delhi,2025-04-04,28.65,37.6,26.85,1.8
New Delhi,2025-04-05,27.45,34.9,27.03,0.42
New Delhi,2025-04-06,28.1,37.0,27.21,0.89
New Delhi,2025-04-07,29.7,38.5,27.4,2.3
New Delhi,2025-04-08,31.55,39.5,27.59,3.96
New Delhi,2025-04-09,30.75,36.8,27.77,2.98
New Delhi,2025-04-10,31.55,38.0,27.95,3.6
New Delhi,2025-04-11,32.05,39.6,28.16,3.89
New Delhi,2025-04-12,27.25,33.1,28.37,-1.12
New Delhi,2025-04-13,28.65,35.4,28.55,0.1
New Delhi,2025-04-14,29.25,35.4,28.72,0.53
New Delhi,2025-04-15,29.45,34.7,28.92,0.53
New Delhi,2025-04-16,30.8,37.1,29.12,1.68
New Delhi,2025-04-17,32.6,39.2,29.3,3.3
New Delhi,2025-04-18,32.65,39.9,29.47,3.18
New Delhi,2025-04-19,32.15,37.6,29.63,2.52
New Delhi,2025-04-20,31.15,36.7,29.81,1.34
New Delhi,2025-04-21,30.7,37.5,29.95,0.75
New Delhi,2025-04-22,31.5,39.0,30.08,1.42
New Delhi,2025-04-23,29.85,38.9,30.21,-0.36
New Delhi,2025-04-24,30.3,39.7,30.36,-0.06
New Delhi,2025-04-25,31.15,40.0,30.54,0.61
New Delhi,2025-04-26,30.9,40.2,30.7,0.2
New Delhi,2025-04-27,32.35,39.3,30.83,1.52
New Delhi,2025-04-28,32.5,39.0,30.96,1.54
New Delhi,2025-04-29,31.25,36.2,31.09,0.16
New Delhi,2025-04-30,31.3,36.5,31.21,0.09
New Delhi,2025-05-01,32.0,37.0,31.31,0.69
New Delhi,2025-05-02,28.7,32.7,31.46,-2.76
New Delhi,2025-05-03,28.0,33.4,31.61,-3.61
New Delhi,2025-05-04,29.55,34.6,31.77,-2.22
New Delhi,2025-05-05,28.05,31.6,31.9,-3.85
New Delhi,2025-05-06,29.0,34.2,32.0,-3.0
New Delhi,2025-05-07,28.8,32.3,32.09,-3.29
New Delhi,2025-05-08,29.85,34.9,32.2,-2.35
New Delhi,2025-05-09,30.5,35.1,32.33,-1.83
New Delhi,2025-05-10,29.6,33.0,32.43,-2.83
New Delhi,2025-05-11,30.85,36.8,32.52,-1.67
New Delhi,2025-05-12,32.2,38.1,32.62,-0.42
New Delhi,2025-05-13,33.15,39.1,32.67,0.48
New Delhi,2025-05-14,32.65,39.1,32.73,-0.08
New Delhi,2025-05-15,32.9,39.8,32.81,0.09
New Delhi,2025-05-16,34.15,41.4,32.84,1.31
New Delhi,2025-05-17,33.6,40.3,32.86,0.74
New Delhi,2025-05-18,34.7,40.8,32.94,1.76
New Delhi,2025-05-19,34.0,38.9,32.99,1.01
New Delhi,2025-05-20,34.6,39.7,33.07,1.53
New Delhi,2025-05-21,34.8,39.5,33.15,1.65
New Delhi,2025-05-22,31.5,37.6,33.22,-1.72
New Delhi,2025-05-23,31.95,37.1,33.29,-1.34
New Delhi,2025-05-24,32.85,37.2,33.37,-0.52
New Delhi,2025-05-25,29.8,33.7,33.43,-3.63
New Delhi,2025-05-26,29.8,34.4,33.46,-3.66
New Delhi,2025-05-27,31.55,36.3,33.51,-1.96
New Delhi,2025-05-28,32.9,37.8,33.56,-0.66
New Delhi,2025-05-29,34.0,39.2,33.62,0.38
New Delhi,2025-05-30,33.55,39.1,33.68,-0.13
New Delhi,2025-05-31,32.1,38.3,33.74,-1.64
New Delhi,2025-06-01,30.75,36.2,33.79,-3.04
New Delhi,2025-06-02,30.4,35.7,33.75,-3.35
New Delhi,2025-06-03,28.45,31.8,33.71,-5.26
New Delhi,2025-06-04,28.45,32.9,33.69,-5.24
New Delhi,2025-06-05,30.25,35.6,33.68,-3.43
New Delhi,2025-06-06,31.55,37.2,33.67,-2.12
New Delhi,2025-06-07,33.15,39.5,33.71,-0.56
New Delhi,2025-06-08,34.85,41.1,33.71,1.14
New Delhi,2025-06-09,35.9,42.5,33.66,2.24
New Delhi,2025-06-10,36.3,42.7,33.62,2.68
New Delhi,2025-06-11,35.65,42.0,33.61,2.04
New Delhi,2025-06-12,36.45,41.7,33.54,2.91
New Delhi,2025-06-13,36.25,40.9,33.51,2.74
New Delhi,2025-06-14,34.75,39.7,33.5,1.25
New Delhi,2025-06-15,35.4,39.3,33.46,1.94
New Delhi,2025-06-16,31.5,34.0,33.44,-1.94
New Delhi,2025-06-17,31.05,34.3,33.45,-2.4
New Delhi,2025-06-18,29.55,32.9,33.41,-3.86
New Delhi,2025-06-19,31.55,34.8,33.36,-1.81
New Delhi,2025-06-20,30.9,33.6,33.32,-2.42
New Delhi,2025-06-21,32.55,36.8,33.27,-0.72
New Delhi,2025-06-22,32.25,35.1,33.23,-0.98
New Delhi,2025-06-23,32.25,35.7,33.14,-0.89
New Delhi,2025-06-24,32.25,36.0,33.08,-0.83
New Delhi,2025-06-25,31.9,34.1,33.02,-1.12
New Delhi,2025-06-26,32.9,37.2,32.94,-0.04
New Delhi,2025-06-27,33.55,37.5,32.85,0.7
New Delhi,2025-06-28,32.6,35.8,32.76,-0.16
New Delhi,2025-06-29,31.4,36.2,32.69,-1.29
New Delhi,2025-06-30,28.4,32.8,32.61,-4.21
New Delhi,2025-07-01,29.8,34.4,32.5,-2.7
New Delhi,2025-07-02,31.35,35.1,32.41,-1.06
New Delhi,2025-07-03,32.15,36.6,32.39,-0.24
New Delhi,2025-07-04,32.65,36.9,32.36,0.29
New Delhi,2025-07-05,32.65,36.2,32.3,0.35
New Delhi,2025-07-06,32.2,34.8,32.24,-0.04
New Delhi,2025-07-07,28.95,35.0,32.17,-3.22
New Delhi,2025-07-08,31.3,35.6,32.08,-0.78
New Delhi,2025-07-09,31.6,37.0,32.01,-0.41
New Delhi,2025-07-10,29.3,35.6,31.96,-2.66
New Delhi,2025-07-11,28.75,31.9,31.92,-3.17
New Delhi,2025-07-12,29.8,33.2,31.84,-2.04
New Delhi,2025-07-13,29.95,34.8,31.79,-1.84
New Delhi,2025-07-14,29.2,34.8,31.75,-2.55
New Delhi,2025-07-15,29.05,33.6,31.7,-2.65
New Delhi,2025-07-16,30.15,33.9,31.66,-1.51
New Delhi,2025-07-17,29.6,34.0,31.61,-2.01
New Delhi,2025-07-18,29.2,34.8,31.54,-2.34
New Delhi,2025-07-19,29.75,34.3,31.46,-1.71
New Delhi,2025-07-20,30.35,34.5,31.4,-1.05
New Delhi,2025-07-21,30.45,33.3,31.35,-0.9
New Delhi,2025-07-22,30.25,33.3,31.29,-1.04
New Delhi,2025-07-23,29.5,31.4,31.23,-1.73
New Delhi,2025-07-24,31.4,35.2,31.22,0.18
New Delhi,2025-07-25,32.9,36.6,31.18,1.72
New Delhi,2025-07-26,31.95,36.9,31.12,0.83
New Delhi,2025-07-27,32.95,36.2,31.09,1.86
New Delhi,2025-07-28,32.55,35.1,31.08,1.47
New Delhi,2025-07-29,29.5,31.6,31.06,-1.56
New Delhi,2025-07-30,30.05,32.8,31.01,-0.96
New Delhi,2025-07-31,28.7,32.7,30.96,-2.26
New Delhi,2025-08-01,27.95,31.9,30.94,-2.99
New Delhi,2025-08-02,29.4,33.1,30.89,-1.49
New Delhi,2025-08-03,28.95,33.7,30.87,-1.92
New Delhi,2025-08-04,30.75,34.3,30.84,-0.09
New Delhi,2025-08-05,29.8,32.1,30.83,-1.03
New Delhi,2025-08-06,30.2,33.1,30.81,-0.61
New Delhi,2025-08-07,32.0,35.9,30.8,1.2
New Delhi,2025-08-08,31.9,35.2,30.78,1.12
New Delhi,2025-08-09,30.0,36.2,30.75,-0.75
New Delhi,2025-08-10,28.45,33.1,30.71,-2.26
New Delhi,2025-08-11,30.0,33.6,30.67,-0.67
New Delhi,2025-08-12,28.6,33.8,30.67,-2.07
New Delhi,2025-08-13,30.65,34.5,30.68,-0.03
New Delhi,2025-08-14,29.3,35.0,30.68,-1.38
New Delhi,2025-08-15,28.6,33.0,30.66,-2.06
New Delhi,2025-08-16,29.2,33.4,30.64,-1.44
New Delhi,2025-08-17,30.05,34.5,30.63,-0.58
New Delhi,2025-08-18,29.5,34.2,30.61,-1.11
New Delhi,2025-08-19,30.8,34.9,30.6,0.2
New Delhi,2025-08-20,30.5,35.2,30.59,-0.09
New Delhi,2025-08-21,31.05,36.2,30.55,0.5
New Delhi,2025-08-22,30.5,34.8,30.52,-0.02
New Delhi,2025-08-23,30.1,34.5,30.48,-0.38
New Delhi,2025-08-24,28.1,30.4,30.45,-2.35
New Delhi,2025-08-25,28.0,29.8,30.4,-2.4
New Delhi,2025-08-26,28.85,31.2,30.37,-1.52
New Delhi,2025-08-27,30.0,33.3,30.34,-0.34
New Delhi,2025-08-28,30.35,33.6,30.3,0.05
New Delhi,2025-08-29,28.75,30.8,30.28,-1.53
New Delhi,2025-08-30,29.85,33.4,30.26,-0.41
New Delhi,2025-08-31,28.25,30.3,30.25,-2.0
New Delhi,2025-09-01,26.35,28.2,30.23,-3.88
New Delhi,2025-09-02,26.55,28.7,30.23,-3.68
New Delhi,2025-09-03,27.5,30.1,30.2,-2.7
New Delhi,2025-09-04,28.35,31.6,30.19,-1.84
New Delhi,2025-09-05,28.95,31.9,30.17,-1.22
New Delhi,2025-09-06,29.55,32.8,30.15,-0.6
New Delhi,2025-09-07,29.75,32.5,30.12,-0.37
New Delhi,2025-09-08,29.75,33.0,30.08,-0.33
New Delhi,2025-09-09,30.9,34.4,30.03,0.87
New Delhi,2025-09-10,31.1,34.4,30.0,1.1
New Delhi,2025-09-11,30.8,34.1,29.97,0.83
New Delhi,2025-09-12,30.2,33.8,29.92,0.28
New Delhi,2025-09-13,30.5,33.9,29.87,0.63
New Delhi,2025-09-14,31.4,35.0,29.82,1.58
New Delhi,2025-09-15,31.45,35.4,29.77,1.68
New Delhi,2025-09-16,31.35,34.9,29.72,1.63
New Delhi,2025-09-17,30.75,34.5,29.65,1.1
New Delhi,2025-09-18,30.1,34.0,29.59,0.51
New Delhi,2025-09-19,30.5,34.4,29.54,0.96
New Delhi,2025-09-20,31.1,35.5,29.49,1.61
New Delhi,2025-09-21,30.8,35.5,29.44,1.36
New Delhi,2025-09-22,30.75,35.8,29.39,1.36
New Delhi,2025-09-23,31.2,36.0,29.33,1.87
New Delhi,2025-09-24,30.6,35.7,29.26,1.34
New Delhi,2025-09-25,30.4,35.5,29.2,1.2
New Delhi,2025-09-26,30.5,35.6,29.14,1.36
New Delhi,2025-09-27,31.1,36.3,29.05,2.05
New Delhi,2025-09-28,32.4,36.8,28.96,3.44
New Delhi,2025-09-29,32.2,36.0,28.84,3.36
New Delhi,2025-09-30,28.75,32.5,28.74,0.01
New Delhi,2025-10-01,28.7,32.5,28.63,0.07
New Delhi,2025-10-02,29.3,33.4,28.49,0.81
New Delhi,2025-10-03,28.95,33.1,28.37,0.58
New Delhi,2025-10-04,29.6,34.2,28.23,1.37
New Delhi,2025-10-05,29.0,33.5,28.1,0.9
New Delhi,2025-10-06,26.2,29.9,27.95,-1.75
New Delhi,2025-10-07,24.85,28.4,27.79,-2.94
New Delhi,2025-10-08,24.2,28.3,27.64,-3.44
New Delhi,2025-10-09,24.7,29.5,27.5,-2.8
New Delhi,2025-10-10,24.65,29.6,27.35,-2.7
New Delhi,2025-10-11,25.05,30.3,27.2,-2.15
New Delhi,2025-10-12,25.3,30.7,27.03,-1.73
New Delhi,2025-10-13,25.45,31.3,26.87,-1.42
New Delhi,2025-10-14,25.4,31.5,26.69,-1.29
New Delhi,2025-10-15,25.3,31.7,26.51,-1.21
New Delhi,2025-10-16,24.8,31.5,26.32,-1.52
New Delhi,2025-10-17,25.1,31.6,26.14,-1.04
New Delhi,2025-10-18,25.8,32.0,25.96,-0.16
New Delhi,2025-10-19,26.1,32.0,25.78,0.32
New Delhi,2025-10-20,26.4,32.3,25.6,0.8
New Delhi,2025-10-21,26.4,31.6,25.41,0.99
New Delhi,2025-10-22,26.25,31.1,25.22,1.03
New Delhi,2025-10-23,25.55,31.4,25.04,0.51
New Delhi,2025-10-24,24.2,30.7,24.85,-0.65
New Delhi,2025-10-25,24.25,30.6,24.65,-0.4
New Delhi,2025-10-26,24.1,30.7,24.45,-0.35
New Delhi,2025-10-27,23.25,29.4,24.24,-0.99
New Delhi,2025-10-28,23.05,27.6,24.04,-0.99
New Delhi,2025-10-29,23.6,28.2,23.85,-0.25
New Delhi,2025-10-30,23.0,26.3,23.68,-0.68
New Delhi,2025-10-31,25.1,29.0,23.51,1.59
New Delhi,2025-11-01,25.25,30.3,23.34,1.91
New Delhi,2025-11-02,24.25,29.9,23.16,1.09
New Delhi,2025-11-03,23.7,30.6,22.97,0.73
New Delhi,2025-11-04,22.55,28.8,22.79,-0.24
New Delhi,2025-11-05,24.2,30.1,22.58,1.62
New Delhi,2025-11-06,21.45,27.1,22.38,-0.93
New Delhi,2025-11-07,20.45,27.3,22.2,-1.75
New Delhi,2025-11-08,19.8,26.9,22.0,-2.2
New Delhi,2025-11-09,19.35,26.9,21.81,-2.46
New Delhi,2025-11-10,19.4,26.9,21.63,-2.23
New Delhi,2025-11-11,19.0,26.8,21.45,-2.45
New Delhi,2025-11-12,19.5,27.1,21.27,-1.77
New Delhi,2025-11-13,18.5,26.0,21.09,-2.59
New Delhi,2025-11-14,18.65,26.2,20.92,-2.27
New Delhi,2025-11-15,18.35,26.0,20.74,-2.39
New Delhi,2025-11-16,18.65,26.5,20.55,-1.9
New Delhi,2025-11-17,18.35,26.5,20.37,-2.02
New Delhi,2025-11-18,18.25,26.0,20.18,-1.93
New Delhi,2025-11-19,18.95,26.7,19.99,-1.04
New Delhi,2025-11-20,19.65,27.3,19.82,-0.17
New Delhi,2025-11-21,19.6,27.0,19.66,-0.06
New Delhi,2025-11-22,19.45,26.5,19.5,-0.05
New Delhi,2025-11-23,18.7,26.2,19.34,-0.64
New Delhi,2025-11-24,18.1,25.5,19.19,-1.09
New Delhi,2025-11-25,17.2,24.4,19.04,-1.84
New Delhi,2025-11-26,16.95,24.6,18.87,-1.92
New Delhi,2025-11-27,17.0,25.1,18.72,-1.72
New Delhi,2025-11-28,17.45,25.3,18.55,-1.1
New Delhi,2025-11-29,18.45,25.6,18.39,0.06
New Delhi,2025-11-30,17.95,24.9,18.21,-0.26
New Delhi,2025-12-01,16.3,24.5,18.03,-1.73
New Delhi,2025-12-02,17.4,24.9,17.86,-0.46
New Delhi,2025-12-03,16.35,23.5,17.69,-1.34
New Delhi,2025-12-04,15.2,22.5,17.53,-2.33
New Delhi,2025-12-05,15.4,24.0,17.37,-1.97
New Delhi,2025-12-06,15.85,23.5,17.23,-1.38
New Delhi,2025-12-07,17.15,24.7,17.08,0.07
New Delhi,2025-12-08,17.95,25.5,16.92,1.03
New Delhi,2025-12-09,17.5,25.2,16.76,0.74
New Delhi,2025-12-10,17.65,25.4,16.61,1.04
New Delhi,2025-12-11,17.1,25.2,16.44,0.66
New Delhi,2025-12-12,17.15,25.2,16.28,0.87
New Delhi,2025-12-13,16.9,24.6,16.12,0.78
New Delhi,2025-12-14,17.1,24.1,15.97,1.13
New Delhi,2025-12-15,17.6,24.1,15.81,1.79
New Delhi,2025-12-16,16.9,23.8,15.67,1.23
New Delhi,2025-12-17,17.3,24.0,15.53,1.77
New Delhi,2025-12-18,16.45,22.3,15.39,1.06
New Delhi,2025-12-19,15.65,21.5,15.27,0.38
New Delhi,2025-12-20,14.7,21.0,15.14,-0.44
New Delhi,2025-12-21,15.05,20.0,15.0,0.05
New Delhi,2025-12-22,16.25,21.6,14.86,1.39
New Delhi,2025-12-23,16.05,21.9,14.71,1.34
New Delhi,2025-12-24,16.05,21.1,14.57,1.48
New Delhi,2025-12-25,15.05,21.9,14.44,0.61
New Delhi,2025-12-26,14.9,20.8,14.31,0.59
New Delhi,2025-12-27,14.45,20.5,14.22,0.23
New Delhi,2025-12-28,14.6,20.8,14.13,0.47
New Delhi,2025-12-29,14.45,20.3,14.07,0.38
New Delhi,2025-12-30,14.65,20.4,14.01,0.64
New Delhi,2025-12-31,12.95,18.2,13.95,-1.0
Beijing,2025-01-01,-0.5,7.0,-2.18,1.68
Beijing,2025-01-02,-1.85,5.3,-2.23,0.38
Beijing,2025-01-03,-3.0,6.0,-2.29,-0.71
Beijing,2025-01-04,-1.0,7.0,-2.33,1.33
Beijing,2025-01-05,1.3,8.3,-2.37,3.67
Beijing,2025-01-06,2.5,8.3,-2.42,4.92
Beijing,2025-01-07,2.25,6.5,-2.48,4.73
Beijing,2025-01-08,1.05,6.1,-2.57,3.62
Beijing,2025-01-09,-3.95,2.1,-2.61,-1.34
Beijing,2025-01-10,-2.5,5.0,-2.63,0.13
Beijing,2025-01-11,-1.6,4.3,-2.62,1.02
Beijing,2025-01-12,0.25,3.5,-2.61,2.86
Beijing,2025-01-13,0.2,8.4,-2.59,2.79
Beijing,2025-01-14,-0.3,8.4,-2.56,2.26
Beijing,2025-01-15,-2.0,5.0,-2.56,0.56
Beijing,2025-01-16,1.25,8.5,-2.51,3.76
Beijing,2025-01-17,-0.75,8.5,-2.48,1.73
Beijing,2025-01-18,0.5,10.0,-2.47,2.97
Beijing,2025-01-19,1.0,10.0,-2.44,3.44
Beijing,2025-01-20,0.05,9.1,-2.38,2.43
Beijing,2025-01-21,2.0,9.0,-2.32,4.32
Beijing,2025-01-22,1.75,9.5,-2.26,4.01
Beijing,2025-01-23,-1.4,6.2,-2.22,0.82
Beijing,2025-01-24,0.0,7.0,-2.16,2.16
Beijing,2025-01-25,-0.85,6.3,-2.08,1.23
Beijing,2025-01-26,-0.6,3.2,-2.01,1.41
Beijing,2025-01-27,-3.1,1.0,-1.91,-1.19
Beijing,2025-01-28,-4.5,1.0,-1.8,-2.7
Beijing,2025-01-29,-5.5,3.0,-1.67,-3.83
Beijing,2025-01-30,-5.4,1.2,-1.54,-3.86
Beijing,2025-01-31,-3.55,1.0,-1.42,-2.13
Beijing,2025-02-01,-1.75,0.5,-1.3,-0.45
Beijing,2025-02-02,-1.0,5.0,-1.17,0.17
Beijing,2025-02-03,-3.0,5.0,-1.03,-1.97
Beijing,2025-02-04,-3.5,2.0,-0.89,-2.61
Beijing,2025-02-05,-4.15,1.7,-0.76,-3.39
Beijing,2025-02-06,-5.55,1.0,-0.61,-4.94
Beijing,2025-02-07,-5.6,0.9,-0.45,-5.15
Beijing,2025-02-08,-5.0,0.0,-0.26,-4.74
Beijing,2025-02-09,-5.75,1.5,-0.1,-5.65
Beijing,2025-02-10,-4.35,5.3,0.07,-4.42
Beijing,2025-02-11,-2.35,5.3,0.23,-2.58
Beijing,2025-02-12,1.5,7.0,0.41,1.09
Beijing,2025-02-13,1.5,13.0,0.56,0.94
Beijing,2025-02-14,2.0,13.0,0.72,1.28
Beijing,2025-02-15,5.1,14.5,0.91,4.19
Beijing,2025-02-16,5.65,14.5,1.09,4.56
Beijing,2025-02-17,1.2,8.4,1.29,-0.09
Beijing,2025-02-18,-1.35,7.3,1.5,-2.85
Beijing,2025-02-19,-0.35,7.3,1.69,-2.04
Beijing,2025-02-20,0.75,6.9,1.87,-1.12
Beijing,2025-02-21,0.3,6.0,2.06,-1.76
Beijing,2025-02-22,-2.35,4.3,2.24,-4.59
Beijing,2025-02-23,-0.95,5.1,2.45,-3.4
Beijing,2025-02-24,1.25,10.0,2.67,-1.42
Beijing,2025-02-25,2.5,11.0,2.87,-0.37
Beijing,2025-02-26,4.15,12.4,3.08,1.07
Beijing,2025-02-27,5.15,14.3,3.3,1.85
Beijing,2025-02-28,8.4,19.0,3.52,4.88
Beijing,2025-03-01,10.5,19.0,3.73,6.77
Beijing,2025-03-02,6.75,15.5,3.96,2.79
Beijing,2025-03-03,2.9,9.1,4.23,-1.33
Beijing,2025-03-04,5.85,10.0,4.49,1.36
Beijing,2025-03-05,5.0,13.0,4.72,0.28
Beijing,2025-03-06,6.45,13.1,4.95,1.5
Beijing,2025-03-07,6.55,13.1,5.16,1.39
Beijing,2025-03-08,6.95,15.0,5.36,1.59
Beijing,2025-03-09,8.9,16.0,5.58,3.32
Beijing,2025-03-10,10.15,16.3,5.82,4.33
Beijing,2025-03-11,8.9,15.8,6.08,2.82
Beijing,2025-03-12,9.5,20.0,6.35,3.15
Beijing,2025-03-13,11.75,19.6,6.61,5.14
Beijing,2025-03-14,11.25,18.9,6.86,4.39
Beijing,2025-03-15,5.0,11.0,7.09,-2.09
Beijing,2025-03-16,2.9,10.0,7.34,-4.44
Beijing,2025-03-17,3.75,10.0,7.59,-3.84
Beijing,2025-03-18,5.5,14.0,7.83,-2.33
Beijing,2025-03-19,10.85,22.0,8.08,2.77
Beijing,2025-03-20,13.0,25.0,8.34,4.66
Beijing,2025-03-21,17.1,27.1,8.61,8.49
Beijing,2025-03-22,20.1,29.1,8.88,11.22
Beijing,2025-03-23,21.35,29.1,9.16,12.19
Beijing,2025-03-24,16.75,26.3,9.41,7.34
Beijing,2025-03-25,14.6,22.0,9.67,4.93
Beijing,2025-03-26,13.35,21.0,9.92,3.43
Beijing,2025-03-27,12.9,18.3,10.15,2.75
Beijing,2025-03-28,7.05,13.4,10.39,-3.34
Beijing,2025-03-29,6.1,11.5,10.67,-4.57
Beijing,2025-03-30,5.65,15.3,10.93,-5.28
Beijing,2025-03-31,9.0,20.0,11.21,-2.21
Beijing,2025-04-01,11.75,21.5,11.48,0.27
Beijing,2025-04-02,12.45,21.9,11.74,0.71
Beijing,2025-04-03,11.5,20.0,11.99,-0.49
Beijing,2025-04-04,15.75,23.0,12.23,3.52
Beijing,2025-04-05,16.0,23.0,12.46,3.54
Beijing,2025-04-06,13.0,23.0,12.71,0.29
Beijing,2025-04-07,15.5,26.0,12.95,2.55
Beijing,2025-04-08,17.1,25.8,13.21,3.89
Beijing,2025-04-09,17.0,23.0,13.44,3.56
Beijing,2025-04-10,17.95,27.0,13.65,4.3
Beijing,2025-04-11,20.0,26.0,13.87,6.13
Beijing,2025-04-12,16.5,26.0,14.05,2.45
Beijing,2025-04-13,11.15,15.0,14.27,-3.12
Beijing,2025-04-14,18.0,26.0,14.5,3.5
Beijing,2025-04-15,18.4,29.2,14.76,3.64
Beijing,2025-04-16,23.85,31.5,15.01,8.84
Beijing,2025-04-17,17.7,22.7,15.25,2.45
Beijing,2025-04-18,17.15,20.5,15.48,1.67
Beijing,2025-04-19,14.9,19.6,15.72,-0.82
Beijing,2025-04-20,18.1,25.0,15.94,2.16
Beijing,2025-04-21,19.25,25.0,16.13,3.12
Beijing,2025-04-22,18.2,25.0,16.34,1.86
Beijing,2025-04-23,18.0,28.0,16.55,1.45
Beijing,2025-04-24,16.75,27.5,16.75,-0.0
Beijing,2025-04-25,15.1,24.0,16.93,-1.83
Beijing,2025-04-26,17.8,25.0,17.12,0.68
Beijing,2025-04-27,17.75,24.5,17.32,0.43
Beijing,2025-04-28,16.5,26.0,17.54,-1.04
Beijing,2025-04-29,19.05,29.0,17.73,1.32
Beijing,2025-04-30,19.1,29.8,17.9,1.2
Beijing,2025-05-01,17.85,27.3,18.05,-0.2
Beijing,2025-05-02,18.95,25.9,18.22,0.73
Beijing,2025-05-03,15.0,24.0,18.4,-3.4
Beijing,2025-05-04,18.5,25.2,18.58,-0.08
Beijing,2025-05-05,18.6,25.2,18.79,-0.19
Beijing,2025-05-06,16.8,24.0,19.0,-2.2
Beijing,2025-05-07,18.75,25.0,19.21,-0.46
Beijing,2025-05-08,19.5,24.0,19.44,0.06
Beijing,2025-05-09,18.45,24.9,19.66,-1.21
Beijing,2025-05-10,17.5,26.0,19.89,-2.39
Beijing,2025-05-11,19.0,29.0,20.1,-1.1
Beijing,2025-05-12,21.65,28.5,20.28,1.37
Beijing,2025-05-13,24.65,32.3,20.49,4.16
Beijing,2025-05-14,23.5,32.3,20.69,2.81
Beijing,2025-05-15,22.0,28.0,20.88,1.12
Beijing,2025-05-16,21.0,28.0,21.05,-0.05
Beijing,2025-05-17,20.65,28.3,21.21,-0.56
Beijing,2025-05-18,17.55,24.7,21.37,-3.82
Beijing,2025-05-19,23.1,32.0,21.54,1.56
Beijing,2025-05-20,25.25,31.4,21.7,3.55
Beijing,2025-05-21,25.7,31.4,21.87,3.83
Beijing,2025-05-22,21.0,29.2,22.03,-1.03
Beijing,2025-05-23,16.7,23.0,22.19,-5.49
Beijing,2025-05-24,19.85,29.3,22.35,-2.5
Beijing,2025-05-25,21.15,29.3,22.52,-1.37
Beijing,2025-05-26,21.75,30.0,22.71,-0.96
Beijing,2025-05-27,24.0,33.0,22.88,1.12
Beijing,2025-05-28,24.5,33.0,23.06,1.44
Beijing,2025-05-29,25.0,33.0,23.23,1.77
Beijing,2025-05-30,25.3,31.9,23.39,1.91
Beijing,2025-05-31,24.75,29.5,23.56,1.19
Beijing,2025-06-01,21.5,24.0,23.71,-2.21
Beijing,2025-06-02,21.65,30.0,23.85,-2.2
Beijing,2025-06-03,25.0,30.0,23.98,1.02
Beijing,2025-06-04,24.15,35.0,24.11,0.04
Beijing,2025-06-05,28.5,37.0,24.25,4.25
Beijing,2025-06-06,29.5,37.0,24.4,5.1
Beijing,2025-06-07,28.8,35.6,24.52,4.28
Beijing,2025-06-08,26.5,35.0,24.62,1.88
Beijing,2025-06-09,25.3,34.6,24.72,0.58
Beijing,2025-06-10,23.8,34.6,24.8,-1.0
Beijing,2025-06-11,26.75,35.0,24.9,1.85
Beijing,2025-06-12,29.5,36.0,25.03,4.47
Beijing,2025-06-13,29.25,35.5,25.15,4.1
Beijing,2025-06-14,25.95,32.9,25.22,0.73
Beijing,2025-06-15,22.45,28.0,25.29,-2.84
Beijing,2025-06-16,23.45,30.0,25.36,-1.91
Beijing,2025-06-17,26.8,35.0,25.46,1.34
Beijing,2025-06-18,27.5,35.0,25.58,1.92
Beijing,2025-06-19,27.95,34.9,25.7,2.25
Beijing,2025-06-20,27.4,33.8,25.81,1.59
Beijing,2025-06-21,26.65,34.6,25.89,0.76
Beijing,2025-06-22,29.05,38.3,25.99,3.06
Beijing,2025-06-23,29.65,38.3,26.08,3.57
Beijing,2025-06-24,30.1,38.2,26.16,3.94
Beijing,2025-06-25,30.1,38.2,26.24,3.86
Beijing,2025-06-26,29.3,35.6,26.31,2.99
Beijing,2025-06-27,26.95,30.9,26.38,0.57
Beijing,2025-06-28,25.8,29.0,26.46,-0.66
Beijing,2025-06-29,27.0,31.4,26.53,0.47
Beijing,2025-06-30,27.35,31.0,26.6,0.75
Beijing,2025-07-01,27.75,31.6,26.65,1.1
Beijing,2025-07-02,27.95,32.0,26.7,1.25
Beijing,2025-07-03,28.8,32.9,26.75,2.05
Beijing,2025-07-04,30.5,35.0,26.79,3.71
Beijing,2025-07-05,30.5,36.0,26.83,3.67
Beijing,2025-07-06,29.75,35.5,26.86,2.89
Beijing,2025-07-07,29.2,34.4,26.88,2.32
Beijing,2025-07-08,29.5,34.4,26.93,2.57
Beijing,2025-07-09,28.7,34.0,26.98,1.72
Beijing,2025-07-10,28.8,33.6,27.03,1.77
Beijing,2025-07-11,29.5,34.0,27.1,2.4
Beijing,2025-07-12,30.0,36.0,27.15,2.85
Beijing,2025-07-13,29.6,36.2,27.18,2.42
Beijing,2025-07-14,29.6,36.2,27.22,2.38
Beijing,2025-07-15,27.65,34.3,27.28,0.37
Beijing,2025-07-16,26.15,31.1,27.33,-1.18
Beijing,2025-07-17,29.0,35.5,27.35,1.65
Beijing,2025-07-18,30.2,36.0,27.36,2.84
Beijing,2025-07-19,30.9,35.8,27.33,3.57
Beijing,2025-07-20,27.4,31.8,27.31,0.09
Beijing,2025-07-21,28.6,34.0,27.28,1.32
Beijing,2025-07-22,29.15,34.2,27.28,1.87
Beijing,2025-07-23,29.6,34.2,27.28,2.32
Beijing,2025-07-24,29.35,33.7,27.28,2.07
Beijing,2025-07-25,28.35,32.5,27.29,1.06
Beijing,2025-07-26,29.25,34.0,27.31,1.94
Beijing,2025-07-27,29.35,33.7,27.33,2.02
Beijing,2025-07-28,28.0,33.1,27.34,0.66
Beijing,2025-07-29,26.5,30.0,27.32,-0.82
Beijing,2025-07-30,27.6,33.2,27.29,0.31
Beijing,2025-07-31,27.1,33.2,27.27,-0.17
Beijing,2025-08-01,27.85,32.3,27.24,0.61
Beijing,2025-08-02,29.0,33.0,27.21,1.79
Beijing,2025-08-03,29.8,34.7,27.19,2.61
Beijing,2025-08-04,30.2,34.7,27.14,3.06
Beijing,2025-08-05,29.1,32.5,27.09,2.01
Beijing,2025-08-06,30.0,37.0,27.03,2.97
Beijing,2025-08-07,29.5,36.0,26.97,2.53
Beijing,2025-08-08,28.65,35.3,26.9,1.75
Beijing,2025-08-09,26.65,33.3,26.84,-0.19
Beijing,2025-08-10,28.05,34.0,26.77,1.28
Beijing,2025-08-11,28.1,33.2,26.7,1.4
Beijing,2025-08-12,26.95,31.9,26.63,0.32
Beijing,2025-08-13,25.75,30.5,26.56,-0.81
Beijing,2025-08-14,25.5,31.0,26.46,-0.96
Beijing,2025-08-15,26.7,31.4,26.35,0.35
Beijing,2025-08-16,26.7,31.0,26.26,0.44
Beijing,2025-08-17,27.25,32.1,26.18,1.07
Beijing,2025-08-18,28.55,32.1,26.1,2.45
Beijing,2025-08-19,27.45,31.9,26.01,1.44
Beijing,2025-08-20,26.9,31.0,25.9,1.0
Beijing,2025-08-21,27.0,31.0,25.78,1.22
Beijing,2025-08-22,28.2,33.0,25.66,2.54
Beijing,2025-08-23,26.1,32.2,25.54,0.56
Beijing,2025-08-24,24.15,28.3,25.4,-1.25
Beijing,2025-08-25,26.5,33.0,25.26,1.24
Beijing,2025-08-26,26.0,31.0,25.09,0.91
Beijing,2025-08-27,22.0,25.0,24.92,-2.92
Beijing,2025-08-28,23.0,27.0,24.75,-1.75
Beijing,2025-08-29,25.0,28.0,24.6,0.4
Beijing,2025-08-30,25.5,30.0,24.44,1.06
Beijing,2025-08-31,25.0,31.0,24.27,0.73
Beijing,2025-09-01,25.0,33.0,24.09,0.91
Beijing,2025-09-02,25.0,30.0,23.93,1.07
Beijing,2025-09-03,27.5,32.0,23.76,3.74
Beijing,2025-09-04,26.5,31.0,23.58,2.92
Beijing,2025-09-05,23.0,26.0,23.39,-0.39
Beijing,2025-09-06,24.5,32.0,23.2,1.3
Beijing,2025-09-07,24.0,32.0,23.03,0.97
Beijing,2025-09-08,23.0,31.0,22.86,0.14
Beijing,2025-09-09,24.0,30.0,22.68,1.32
Beijing,2025-09-10,22.5,27.0,22.5,0.0
Beijing,2025-09-11,25.0,30.0,22.31,2.69
Beijing,2025-09-12,24.5,29.0,22.1,2.4
Beijing,2025-09-13,23.5,29.0,21.89,1.61
Beijing,2025-09-14,24.5,32.0,21.68,2.82
Beijing,2025-09-15,20.0,24.0,21.47,-1.47
Beijing,2025-09-16,19.5,24.0,21.28,-1.78
Beijing,2025-09-17,18.5,25.0,21.05,-2.55
Beijing,2025-09-18,19.0,27.0,20.8,-1.8
Beijing,2025-09-19,19.5,25.0,20.55,-1.05
Beijing,2025-09-20,19.5,27.0,20.32,-0.82
Beijing,2025-09-21,20.0,27.0,20.08,-0.08
Beijing,2025-09-22,19.5,22.0,19.85,-0.35
Beijing,2025-09-23,18.0,22.0,19.61,-1.61
Beijing,2025-09-24,20.5,27.0,19.38,1.12
Beijing,2025-09-25,21.0,28.0,19.16,1.84
Beijing,2025-09-26,21.5,28.0,18.94,2.56
Beijing,2025-09-27,19.0,22.0,18.71,0.29
Beijing,2025-09-28,22.0,30.0,18.49,3.51
Beijing,2025-09-29,21.5,29.0,18.24,3.26
Beijing,2025-09-30,21.5,29.0,18.0,3.5
Beijing,2025-10-01,22.0,29.0,17.77,4.23
Beijing,2025-10-02,21.0,28.0,17.55,3.45
Beijing,2025-10-03,18.5,22.0,17.31,1.19
Beijing,2025-10-04,19.5,25.0,17.08,2.42
Beijing,2025-10-05,18.5,21.0,16.86,1.64
Beijing,2025-10-06,16.5,21.0,16.64,-0.14
Beijing,2025-10-07,18.0,23.0,16.4,1.6
Beijing,2025-10-08,14.9,19.0,16.15,-1.25
Beijing,2025-10-09,10.5,11.4,15.88,-5.38
Beijing,2025-10-10,10.55,11.8,15.61,-5.06
Beijing,2025-10-11,14.5,19.0,15.32,-0.82
Beijing,2025-10-12,14.5,18.0,15.05,-0.55
Beijing,2025-10-13,14.5,22.0,14.78,-0.28
Beijing,2025-10-14,16.0,23.0,14.51,1.49
Beijing,2025-10-15,16.5,21.0,14.25,2.25
Beijing,2025-10-16,14.0,16.0,13.98,0.02
Beijing,2025-10-17,11.0,16.0,13.68,-2.68
Beijing,2025-10-18,7.5,11.0,13.42,-5.92
Beijing,2025-10-19,8.0,13.0,13.17,-5.17
Beijing,2025-10-20,5.5,11.0,12.93,-7.43
Beijing,2025-10-21,6.0,13.0,12.69,-6.69
Beijing,2025-10-22,6.0,12.0,12.46,-6.46
Beijing,2025-10-23,8.5,13.0,12.19,-3.69
Beijing,2025-10-24,8.0,13.0,11.94,-3.94
Beijing,2025-10-25,11.5,17.0,11.66,-0.16
Beijing,2025-10-26,7.0,14.0,11.37,-4.37
Beijing,2025-10-27,7.5,16.0,11.12,-3.62
Beijing,2025-10-28,7.5,15.0,10.86,-3.36
Beijing,2025-10-29,9.0,12.0,10.58,-1.58
Beijing,2025-10-30,11.5,16.0,10.29,1.21
Beijing,2025-10-31,12.0,18.0,10.0,2.0
Beijing,2025-11-01,11.0,20.0,9.68,1.32
Beijing,2025-11-02,8.5,14.0,9.36,-0.86
Beijing,2025-11-03,7.5,15.0,9.06,-1.56
Beijing,2025-11-04,9.0,17.0,8.75,0.25
Beijing,2025-11-05,9.5,15.0,8.44,1.06
Beijing,2025-11-06,11.5,16.0,8.14,3.36
Beijing,2025-11-07,9.0,11.0,7.83,1.17
Beijing,2025-11-08,9.0,14.0,7.54,1.46
Beijing,2025-11-09,8.0,15.0,7.25,0.75
Beijing,2025-11-10,7.5,16.0,6.96,0.54
Beijing,2025-11-11,8.0,16.0,6.67,1.33
Beijing,2025-11-12,10.0,19.0,6.36,3.64
Beijing,2025-11-13,9.5,17.0,6.09,3.41
Beijing,2025-11-14,8.0,17.0,5.81,2.19
Beijing,2025-11-15,8.0,17.0,5.53,2.47
Beijing,2025-11-16,5.0,9.0,5.25,-0.25
Beijing,2025-11-17,1.5,4.0,4.97,-3.47
Beijing,2025-11-18,5.5,10.0,4.67,0.83
Beijing,2025-11-19,8.5,15.0,4.4,4.1
Beijing,2025-11-20,6.5,13.0,4.12,2.38
Beijing,2025-11-21,7.0,16.0,3.83,3.17
Beijing,2025-11-22,6.5,16.0,3.53,2.97
Beijing,2025-11-23,7.5,16.0,3.26,4.24
Beijing,2025-11-24,6.0,11.0,3.0,3.0
Beijing,2025-11-25,0.0,6.0,2.77,-2.77
Beijing,2025-11-26,0.0,6.0,2.55,-2.55
Beijing,2025-11-27,2.0,7.0,2.27,-0.27
Beijing,2025-11-28,1.0,8.0,2.02,-1.02
Beijing,2025-11-29,5.5,16.0,1.8,3.7
Beijing,2025-11-30,4.5,11.0,1.59,2.91
Beijing,2025-12-01,1.0,6.0,1.4,-0.4
Beijing,2025-12-02,-4.0,-1.0,1.21,-5.21
Beijing,2025-12-03,-3.5,4.0,1.03,-4.53
Beijing,2025-12-04,-1.5,6.0,0.85,-2.35
Beijing,2025-12-05,-1.0,7.0,0.69,-1.69
Beijing,2025-12-06,2.0,11.0,0.52,1.48
Beijing,2025-12-07,2.0,10.0,0.38,1.62
Beijing,2025-12-08,-0.5,5.0,0.25,-0.75
Beijing,2025-12-09,-0.5,7.0,0.1,-0.6
Beijing,2025-12-10,0.0,6.0,-0.05,0.05
Beijing,2025-12-11,-0.5,5.0,-0.2,-0.3
Beijing,2025-12-12,-3.5,-2.0,-0.34,-3.16
Beijing,2025-12-13,-2.0,2.0,-0.45,-1.55
Beijing,2025-12-14,-2.5,5.0,-0.57,-1.93
Beijing,2025-12-15,-1.0,5.0,-0.69,-0.31
Beijing,2025-12-16,1.0,7.0,-0.83,1.83
Beijing,2025-12-17,0.0,7.0,-0.94,0.94
Beijing,2025-12-18,-1.5,2.0,-1.02,-0.48
Beijing,2025-12-19,4.5,9.0,-1.1,5.6
Beijing,2025-12-20,0.8,4.6,-1.22,2.02
Beijing,2025-12-21,-1.35,2.7,-1.33,-0.02
Beijing,2025-12-22,-1.8,1.1,-1.4,-0.4
Beijing,2025-12-23,0.0,6.0,-1.47,1.47
Beijing,2025-12-24,-1.0,7.0,-1.55,0.55
Beijing,2025-12-25,-3.5,1.0,-1.64,-1.86
Beijing,2025-12-26,-5.0,1.0,-1.73,-3.27
Beijing,2025-12-27,-1.5,6.0,-1.82,0.32
Beijing,2025-12-28,-2.5,4.0,-1.89,-0.61
Beijing,2025-12-29,1.0,7.0,-1.95,2.95
Beijing,2025-12-30,-1.5,4.0,-2.03,0.53
Beijing,2025-12-31,-6.0,-1.0,-2.1,-3.9
Tokyo,2025-01-01,8.0,11.4,7.16,0.84
Tokyo,2025-01-02,8.0,13.6,7.08,0.92
Tokyo,2025-01-03,5.5,6.8,7.02,-1.52
Tokyo,2025-01-04,5.6,9.3,6.96,-1.36
Tokyo,2025-01-05,4.9,9.3,6.89,-1.99
Tokyo,2025-01-06,4.7,7.8,6.84,-2.14
Tokyo,2025-01-07,8.5,12.9,6.75,1.75
Tokyo,2025-01-08,7.1,11.3,6.68,0.42
Tokyo,2025-01-09,7.75,12.0,6.58,1.17
Tokyo,2025-01-10,5.0,8.8,6.51,-1.51
Tokyo,2025-01-11,5.7,10.6,6.46,-0.76
Tokyo,2025-01-12,5.4,7.9,6.43,-1.03
Tokyo,2025-01-13,7.15,12.9,6.4,0.75
Tokyo,2025-01-14,7.0,12.4,6.38,0.62
Tokyo,2025-01-15,8.85,14.7,6.36,2.49
Tokyo,2025-01-16,5.35,7.6,6.33,-0.98
Tokyo,2025-01-17,5.2,9.3,6.29,-1.09
Tokyo,2025-01-18,5.2,8.8,6.27,-1.07
Tokyo,2025-01-19,5.15,8.5,6.26,-1.11
Tokyo,2025-01-20,9.3,13.4,6.25,3.05
Tokyo,2025-01-21,10.4,13.3,6.23,4.17
Tokyo,2025-01-22,8.65,12.7,6.22,2.43
Tokyo,2025-01-23,9.35,13.9,6.25,3.1
Tokyo,2025-01-24,9.25,13.8,6.24,3.01
Tokyo,2025-01-25,7.15,8.9,6.23,0.92
Tokyo,2025-01-26,7.65,11.7,6.21,1.44
Tokyo,2025-01-27,6.1,9.5,6.18,-0.08
Tokyo,2025-01-28,8.8,12.8,6.2,2.6
Tokyo,2025-01-29,7.6,11.9,6.22,1.38
Tokyo,2025-01-30,6.45,11.0,6.28,0.17
Tokyo,2025-01-31,7.5,12.1,6.33,1.17
Tokyo,2025-02-01,7.3,11.3,6.35,0.95
Tokyo,2025-02-02,6.0,8.8,6.38,-0.38
Tokyo,2025-02-03,6.6,9.0,6.4,0.2
Tokyo,2025-02-04,6.6,10.1,6.42,0.18
Tokyo,2025-02-05,4.25,7.9,6.46,-2.21
Tokyo,2025-02-06,4.2,8.7,6.5,-2.3
Tokyo,2025-02-07,5.1,10.2,6.55,-1.45
Tokyo,2025-02-08,4.85,9.1,6.63,-1.78
Tokyo,2025-02-09,6.15,11.1,6.67,-0.52
Tokyo,2025-02-10,5.5,11.1,6.73,-1.23
Tokyo,2025-02-11,5.2,9.7,6.8,-1.6
Tokyo,2025-02-12,6.35,11.4,6.86,-0.51
Tokyo,2025-02-13,8.1,12.6,6.91,1.19
Tokyo,2025-02-14,7.45,12.4,6.97,0.48
Tokyo,2025-02-15,9.35,13.2,7.02,2.33
Tokyo,2025-02-16,11.9,16.2,7.07,4.83
Tokyo,2025-02-17,9.35,14.3,7.14,2.21
Tokyo,2025-02-18,5.45,8.5,7.24,-1.79
Tokyo,2025-02-19,4.35,8.1,7.32,-2.97
Tokyo,2025-02-20,4.4,9.7,7.39,-2.99
Tokyo,2025-02-21,5.55,10.0,7.48,-1.93
Tokyo,2025-02-22,5.0,8.3,7.56,-2.56
Tokyo,2025-02-23,5.35,10.2,7.61,-2.26
Tokyo,2025-02-24,4.95,9.6,7.68,-2.73
Tokyo,2025-02-25,6.6,11.8,7.79,-1.19
Tokyo,2025-02-26,10.8,16.9,7.89,2.91
Tokyo,2025-02-27,10.05,15.3,8.02,2.03
Tokyo,2025-02-28,11.2,16.1,8.12,3.08
Tokyo,2025-03-01,13.25,19.2,8.22,5.03
Tokyo,2025-03-02,14.35,20.5,8.3,6.05
Tokyo,2025-03-03,7.9,13.9,8.42,-0.52
Tokyo,2025-03-04,2.65,4.8,8.57,-5.92
Tokyo,2025-03-05,4.6,8.3,8.72,-4.12
Tokyo,2025-03-06,9.2,11.4,8.85,0.35
Tokyo,2025-03-07,7.25,11.0,8.96,-1.71
Tokyo,2025-03-08,3.15,5.8,9.07,-5.92
Tokyo,2025-03-09,7.15,12.7,9.16,-2.01
Tokyo,2025-03-10,8.65,14.0,9.25,-0.6
Tokyo,2025-03-11,10.1,13.4,9.34,0.76
Tokyo,2025-03-12,11.7,14.5,9.47,2.23
Tokyo,2025-03-13,14.55,19.4,9.6,4.95
Tokyo,2025-03-14,13.5,18.2,9.74,3.76
Tokyo,2025-03-15,9.05,11.0,9.85,-0.8
Tokyo,2025-03-16,6.3,7.7,9.98,-3.68
Tokyo,2025-03-17,11.15,15.5,10.12,1.03
Tokyo,2025-03-18,8.6,12.3,10.26,-1.66
Tokyo,2025-03-19,5.25,9.8,10.42,-5.17
Tokyo,2025-03-20,8.8,13.2,10.56,-1.76
Tokyo,2025-03-21,10.8,17.3,10.68,0.12
Tokyo,2025-03-22,15.05,23.1,10.83,4.22
Tokyo,2025-03-23,18.7,25.0,11.0,7.7
Tokyo,2025-03-24,14.35,18.6,11.17,3.18
Tokyo,2025-03-25,17.35,24.1,11.31,6.04
Tokyo,2025-03-26,20.65,25.6,11.48,9.17
Tokyo,2025-03-27,17.05,21.5,11.65,5.4
Tokyo,2025-03-28,20.05,25.0,11.79,8.26
Tokyo,2025-03-29,9.4,14.1,11.96,-2.56
Tokyo,2025-03-30,9.9,14.5,12.11,-2.21
Tokyo,2025-03-31,7.05,8.2,12.28,-5.23
Tokyo,2025-04-01,4.95,5.7,12.44,-7.49
Tokyo,2025-04-02,9.5,13.3,12.6,-3.1
Tokyo,2025-04-03,7.95,9.6,12.76,-4.81
Tokyo,2025-04-04,11.7,17.8,12.9,-1.2
Tokyo,2025-04-05,11.35,16.3,13.02,-1.67
Tokyo,2025-04-06,14.7,18.5,13.16,1.54
Tokyo,2025-04-07,15.45,19.0,13.35,2.1
Tokyo,2025-04-08,13.75,19.3,13.53,0.22
Tokyo,2025-04-09,17.4,23.8,13.72,3.68
Tokyo,2025-04-10,17.35,21.9,13.93,3.42
Tokyo,2025-04-11,16.2,19.4,14.1,2.1
Tokyo,2025-04-12,15.8,19.5,14.28,1.52
Tokyo,2025-04-13,13.0,14.0,14.45,-1.45
Tokyo,2025-04-14,17.95,22.5,14.61,3.34
Tokyo,2025-04-15,16.35,20.9,14.81,1.54
Tokyo,2025-04-16,13.95,19.7,14.99,-1.04
Tokyo,2025-04-17,17.6,24.6,15.17,2.43
Tokyo,2025-04-18,19.35,24.3,15.34,4.01
Tokyo,2025-04-19,21.5,27.1,15.52,5.98
Tokyo,2025-04-20,20.75,23.3,15.72,5.03
Tokyo,2025-04-21,19.3,24.2,15.91,3.39
Tokyo,2025-04-22,17.7,22.3,16.07,1.63
Tokyo,2025-04-23,16.8,19.5,16.24,0.56
Tokyo,2025-04-24,19.95,22.8,16.39,3.56
Tokyo,2025-04-25,19.4,21.8,16.57,2.83
Tokyo,2025-04-26,15.05,19.1,16.72,-1.67
Tokyo,2025-04-27,16.1,22.3,16.89,-0.79
Tokyo,2025-04-28,17.8,22.0,17.06,0.74
Tokyo,2025-04-29,17.9,22.8,17.21,0.69
Tokyo,2025-04-30,17.4,23.3,17.35,0.05
Tokyo,2025-05-01,17.85,22.7,17.5,0.35
Tokyo,2025-05-02,16.1,18.1,17.65,-1.55
Tokyo,2025-05-03,18.55,23.2,17.79,0.76
Tokyo,2025-05-04,19.45,25.0,17.92,1.53
Tokyo,2025-05-05,17.3,22.6,18.06,-0.76
Tokyo,2025-05-06,15.4,17.8,18.22,-2.82
Tokyo,2025-05-07,17.6,22.3,18.39,-0.79
Tokyo,2025-05-08,18.25,22.2,18.53,-0.28
Tokyo,2025-05-09,18.6,22.3,18.66,-0.06
Tokyo,2025-05-10,18.6,21.7,18.82,-0.22
Tokyo,2025-05-11,20.55,25.4,18.96,1.59
Tokyo,2025-05-12,17.7,19.8,19.11,-1.41
Tokyo,2025-05-13,20.0,24.5,19.25,0.75
Tokyo,2025-05-14,21.05,26.2,19.37,1.68
Tokyo,2025-05-15,21.7,26.7,19.5,2.2
Tokyo,2025-05-16,21.05,24.5,19.63,1.42
Tokyo,2025-05-17,21.2,23.5,19.74,1.46
Tokyo,2025-05-18,24.65,26.9,19.84,4.81
Tokyo,2025-05-19,20.0,22.3,19.97,0.03
Tokyo,2025-05-20,23.6,31.0,20.11,3.49
Tokyo,2025-05-21,24.65,29.2,20.21,4.44
Tokyo,2025-05-22,22.4,27.4,20.29,2.11
Tokyo,2025-05-23,19.75,22.8,20.38,-0.63
Tokyo,2025-05-24,17.9,20.4,20.47,-2.57
Tokyo,2025-05-25,17.55,20.3,20.57,-3.02
Tokyo,2025-05-26,19.35,21.3,20.67,-1.32
Tokyo,2025-05-27,18.0,19.8,20.77,-2.77
Tokyo,2025-05-28,20.1,24.3,20.86,-0.76
Tokyo,2025-05-29,19.4,22.8,20.97,-1.57
Tokyo,2025-05-30,15.2,16.3,21.05,-5.85
Tokyo,2025-05-31,15.85,16.7,21.16,-5.31
Tokyo,2025-06-01,19.35,23.6,21.27,-1.92
Tokyo,2025-06-02,19.7,24.2,21.38,-1.68
Tokyo,2025-06-03,19.5,21.1,21.48,-1.98
Tokyo,2025-06-04,22.15,27.5,21.6,0.55
Tokyo,2025-06-05,22.65,27.7,21.71,0.94
Tokyo,2025-06-06,23.25,28.0,21.82,1.43
Tokyo,2025-06-07,24.65,28.6,21.89,2.76
Tokyo,2025-06-08,23.9,27.9,21.98,1.92
Tokyo,2025-06-09,22.6,25.7,22.06,0.54
Tokyo,2025-06-10,20.35,21.3,22.12,-1.77
Tokyo,2025-06-11,21.0,21.9,22.2,-1.2
Tokyo,2025-06-12,23.5,27.8,22.3,1.2
Tokyo,2025-06-13,22.4,25.1,22.4,-0.0
Tokyo,2025-06-14,22.95,25.1,22.52,0.43
Tokyo,2025-06-15,25.35,28.8,22.63,2.72
Tokyo,2025-06-16,27.15,31.0,22.73,4.42
Tokyo,2025-06-17,28.8,33.9,22.85,5.95
Tokyo,2025-06-18,29.25,33.2,23.0,6.25
Tokyo,2025-06-19,28.2,32.3,23.15,5.05
Tokyo,2025-06-20,27.15,30.1,23.25,3.9
Tokyo,2025-06-21,26.5,29.8,23.34,3.16
Tokyo,2025-06-22,28.2,31.7,23.48,4.72
Tokyo,2025-06-23,28.2,30.3,23.62,4.58
Tokyo,2025-06-24,27.15,28.8,23.74,3.41
Tokyo,2025-06-25,26.45,27.9,23.86,2.59
Tokyo,2025-06-26,27.65,30.4,24.01,3.64
Tokyo,2025-06-27,28.0,30.9,24.16,3.84
Tokyo,2025-06-28,29.0,33.2,24.31,4.69
Tokyo,2025-06-29,28.15,32.0,24.46,3.69
Tokyo,2025-06-30,29.0,33.5,24.63,4.37
Tokyo,2025-07-01,28.95,32.3,24.78,4.17
Tokyo,2025-07-02,28.5,31.5,24.89,3.61
Tokyo,2025-07-03,29.05,32.4,24.99,4.06
Tokyo,2025-07-04,28.7,32.3,25.11,3.59
Tokyo,2025-07-05,29.55,33.1,25.23,4.32
Tokyo,2025-07-06,30.15,33.6,25.33,4.82
Tokyo,2025-07-07,30.2,33.2,25.43,4.77
Tokyo,2025-07-08,30.9,34.4,25.56,5.34
Tokyo,2025-07-09,31.0,34.1,25.73,5.27
Tokyo,2025-07-10,28.95,33.9,25.89,3.06
Tokyo,2025-07-11,23.7,25.6,26.06,-2.36
Tokyo,2025-07-12,24.1,26.8,26.21,-2.11
Tokyo,2025-07-13,26.8,30.8,26.33,0.47
Tokyo,2025-07-14,26.05,27.2,26.45,-0.4
Tokyo,2025-07-15,27.1,28.3,26.55,0.55
Tokyo,2025-07-16,27.2,28.6,26.67,0.53
Tokyo,2025-07-17,28.15,30.7,26.81,1.34
Tokyo,2025-07-18,28.7,31.9,26.91,1.79
Tokyo,2025-07-19,29.15,33.0,27.01,2.14
Tokyo,2025-07-20,29.55,32.8,27.08,2.47
Tokyo,2025-07-21,30.4,34.3,27.18,3.22
Tokyo,2025-07-22,30.45,33.8,27.29,3.16
Tokyo,2025-07-23,30.5,34.0,27.4,3.1
Tokyo,2025-07-24,30.55,34.0,27.48,3.07
Tokyo,2025-07-25,31.15,34.7,27.56,3.59
Tokyo,2025-07-26,31.35,35.1,27.67,3.68
Tokyo,2025-07-27,30.65,34.2,27.75,2.9
Tokyo,2025-07-28,30.9,35.0,27.8,3.1
Tokyo,2025-07-29,31.1,35.6,27.85,3.25
Tokyo,2025-07-30,30.35,34.2,27.89,2.46
Tokyo,2025-07-31,29.0,32.2,27.92,1.08
Tokyo,2025-08-01,27.2,29.5,27.97,-0.77
Tokyo,2025-08-02,30.25,34.2,28.02,2.23
Tokyo,2025-08-03,31.05,34.9,28.08,2.97
Tokyo,2025-08-04,31.6,35.0,28.11,3.49
Tokyo,2025-08-05,32.6,36.4,28.15,4.45
Tokyo,2025-08-06,32.0,35.0,28.19,3.81
Tokyo,2025-08-07,30.15,32.1,28.24,1.91
Tokyo,2025-08-08,30.9,34.6,28.27,2.63
Tokyo,2025-08-09,28.45,31.3,28.26,0.19
Tokyo,2025-08-10,26.75,27.6,28.24,-1.49
Tokyo,2025-08-11,27.55,28.6,28.22,-0.67
Tokyo,2025-08-12,28.7,30.5,28.18,0.52
Tokyo,2025-08-13,28.1,30.4,28.15,-0.05
Tokyo,2025-08-14,27.9,30.9,28.11,-0.21
Tokyo,2025-08-15,29.4,33.1,28.09,1.31
Tokyo,2025-08-16,29.05,31.7,28.05,1.0
Tokyo,2025-08-17,30.4,33.7,28.0,2.4
Tokyo,2025-08-18,31.85,36.5,27.94,3.91
Tokyo,2025-08-19,30.5,34.3,27.88,2.62
Tokyo,2025-08-20,30.75,34.8,27.84,2.91
Tokyo,2025-08-21,31.95,36.4,27.78,4.17
Tokyo,2025-08-22,30.8,33.8,27.71,3.09
Tokyo,2025-08-23,31.35,35.3,27.61,3.74
Tokyo,2025-08-24,32.1,36.5,27.53,4.57
Tokyo,2025-08-25,31.3,34.5,27.47,3.83
Tokyo,2025-08-26,30.85,33.9,27.4,3.45
Tokyo,2025-08-27,31.8,35.2,27.31,4.49
Tokyo,2025-08-28,29.25,31.6,27.21,2.04
Tokyo,2025-08-29,29.35,33.3,27.11,2.24
Tokyo,2025-08-30,32.35,37.7,27.01,5.34
Tokyo,2025-08-31,31.75,35.5,26.88,4.87
Tokyo,2025-09-01,31.85,35.4,26.73,5.12
Tokyo,2025-09-02,32.1,35.9,26.6,5.5
Tokyo,2025-09-03,31.15,34.7,26.49,4.66
Tokyo,2025-09-04,26.85,28.0,26.39,0.46
Tokyo,2025-09-05,25.0,26.3,26.25,-1.25
Tokyo,2025-09-06,27.8,32.3,26.09,1.71
Tokyo,2025-09-07,28.3,31.5,25.94,2.36
Tokyo,2025-09-08,29.1,32.8,25.74,3.36
Tokyo,2025-09-09,29.6,32.5,25.56,4.04
Tokyo,2025-09-10,28.8,30.9,25.39,3.41
Tokyo,2025-09-11,28.05,32.6,25.22,2.83
Tokyo,2025-09-12,24.7,26.4,25.04,-0.34
Tokyo,2025-09-13,25.9,28.9,24.89,1.01
Tokyo,2025-09-14,28.65,30.6,24.72,3.93
Tokyo,2025-09-15,27.55,29.5,24.55,3.0
Tokyo,2025-09-16,29.2,32.5,24.38,4.82
Tokyo,2025-09-17,30.35,34.2,24.21,6.14
Tokyo,2025-09-18,28.65,33.3,24.07,4.58
Tokyo,2025-09-19,22.15,24.2,23.88,-1.73
Tokyo,2025-09-20,23.85,26.0,23.69,0.16
Tokyo,2025-09-21,26.7,30.0,23.48,3.22
Tokyo,2025-09-22,22.85,26.1,23.3,-0.45
Tokyo,2025-09-23,22.3,25.3,23.13,-0.83
Tokyo,2025-09-24,22.65,26.8,22.92,-0.27
Tokyo,2025-09-25,24.05,28.4,22.71,1.34
Tokyo,2025-09-26,26.0,30.6,22.51,3.49
Tokyo,2025-09-27,25.3,27.6,22.32,2.98
Tokyo,2025-09-28,25.05,28.6,22.16,2.89
Tokyo,2025-09-29,27.1,30.5,21.98,5.12
Tokyo,2025-09-30,24.75,27.0,21.79,2.96
Tokyo,2025-10-01,20.6,22.7,21.62,-1.02
Tokyo,2025-10-02,22.0,26.4,21.46,0.54
Tokyo,2025-10-03,22.55,25.4,21.28,1.27
Tokyo,2025-10-04,21.85,23.3,21.06,0.79
Tokyo,2025-10-05,23.6,26.9,20.85,2.75
Tokyo,2025-10-06,24.6,27.7,20.65,3.95
Tokyo,2025-10-07,21.95,23.5,20.48,1.47
Tokyo,2025-10-08,22.65,25.8,20.32,2.33
Tokyo,2025-10-09,19.6,22.3,20.17,-0.57
Tokyo,2025-10-10,19.1,22.4,20.01,-0.91
Tokyo,2025-10-11,18.7,21.0,19.84,-1.14
Tokyo,2025-10-12,19.4,22.9,19.7,-0.3
Tokyo,2025-10-13,21.95,24.5,19.54,2.41
Tokyo,2025-10-14,18.9,20.9,19.36,-0.46
Tokyo,2025-10-15,17.8,20.1,19.21,-1.41
Tokyo,2025-10-16,18.3,19.9,19.05,-0.75
Tokyo,2025-10-17,21.15,24.6,18.88,2.27
Tokyo,2025-10-18,20.2,24.4,18.67,1.53
Tokyo,2025-10-19,19.75,22.9,18.46,1.29
Tokyo,2025-10-20,17.55,19.8,18.27,-0.72
Tokyo,2025-10-21,15.5,17.2,18.1,-2.6
Tokyo,2025-10-22,13.05,14.8,17.95,-4.9
Tokyo,2025-10-23,14.0,17.0,17.8,-3.8
Tokyo,2025-10-24,14.6,17.1,17.62,-3.02
Tokyo,2025-10-25,13.45,14.4,17.48,-4.03
Tokyo,2025-10-26,14.9,16.3,17.31,-2.41
Tokyo,2025-10-27,18.55,22.1,17.12,1.43
Tokyo,2025-10-28,17.4,20.4,16.92,0.48
Tokyo,2025-10-29,14.35,16.6,16.71,-2.36
Tokyo,2025-10-30,14.1,18.1,16.56,-2.46
Tokyo,2025-10-31,15.3,17.4,16.39,-1.09
Tokyo,2025-11-01,17.35,21.9,16.21,1.14
Tokyo,2025-11-02,16.15,19.4,16.04,0.11
Tokyo,2025-11-03,15.55,19.3,15.88,-0.33
Tokyo,2025-11-04,13.55,17.4,15.73,-2.18
Tokyo,2025-11-05,12.9,16.1,15.54,-2.64
Tokyo,2025-11-06,15.25,18.6,15.38,-0.13
Tokyo,2025-11-07,16.8,21.1,15.19,1.61
Tokyo,2025-11-08,14.05,16.4,14.99,-0.94
Tokyo,2025-11-09,11.95,12.9,14.83,-2.88
Tokyo,2025-11-10,15.5,20.2,14.64,0.86
Tokyo,2025-11-11,13.35,16.4,14.46,-1.11
Tokyo,2025-11-12,12.15,15.1,14.28,-2.13
Tokyo,2025-11-13,12.0,14.2,14.12,-2.12
Tokyo,2025-11-14,14.6,19.3,13.96,0.64
Tokyo,2025-11-15,14.95,17.8,13.78,1.17
Tokyo,2025-11-16,14.1,17.3,13.6,0.5
Tokyo,2025-11-17,15.85,20.8,13.42,2.43
Tokyo,2025-11-18,11.7,14.4,13.26,-1.56
Tokyo,2025-11-19,9.9,13.6,13.08,-3.18
Tokyo,2025-11-20,10.45,14.2,12.92,-2.47
Tokyo,2025-11-21,11.4,16.5,12.76,-1.36
Tokyo,2025-11-22,12.3,16.4,12.58,-0.28
Tokyo,2025-11-23,12.1,13.8,12.36,-0.26
Tokyo,2025-11-24,13.1,17.9,12.16,0.94
Tokyo,2025-11-25,10.45,12.6,11.98,-1.53
Tokyo,2025-11-26,12.15,17.5,11.82,0.33
Tokyo,2025-11-27,11.6,15.1,11.68,-0.08
Tokyo,2025-11-28,14.4,19.3,11.51,2.89
Tokyo,2025-11-29,12.05,14.7,11.35,0.7
Tokyo,2025-11-30,12.35,16.5,11.17,1.18
Tokyo,2025-12-01,13.6,19.9,10.97,2.63
Tokyo,2025-12-02,13.4,17.0,10.82,2.58
Tokyo,2025-12-03,11.3,14.1,10.66,0.64
Tokyo,2025-12-04,8.15,11.0,10.48,-2.33
Tokyo,2025-12-05,6.9,11.5,10.32,-3.42
Tokyo,2025-12-06,7.15,11.0,10.18,-3.03
Tokyo,2025-12-07,9.1,15.0,10.04,-0.94
Tokyo,2025-12-08,11.05,16.9,9.92,1.13
Tokyo,2025-12-09,9.95,12.3,9.81,0.14
Tokyo,2025-12-10,8.8,13.2,9.68,-0.88
Tokyo,2025-12-11,9.7,13.8,9.54,0.16
Tokyo,2025-12-12,7.55,11.1,9.41,-1.86
Tokyo,2025-12-13,5.9,8.4,9.25,-3.35
Tokyo,2025-12-14,5.25,7.2,9.1,-3.85
Tokyo,2025-12-15,9.0,13.8,8.97,0.03
Tokyo,2025-12-16,7.95,11.4,8.82,-0.87
Tokyo,2025-12-17,8.85,13.4,8.69,0.16
Tokyo,2025-12-18,9.95,12.8,8.57,1.38
Tokyo,2025-12-19,7.4,10.7,8.45,-1.05
Tokyo,2025-12-20,10.4,14.7,8.33,2.07
Tokyo,2025-12-21,12.9,16.6,8.21,4.69
Tokyo,2025-12-22,8.95,11.5,8.09,0.86
Tokyo,2025-12-23,6.05,9.1,7.97,-1.92
Tokyo,2025-12-24,6.55,7.8,7.89,-1.34
Tokyo,2025-12-25,8.6,10.4,7.81,0.79
Tokyo,2025-12-26,7.35,11.5,7.73,-0.38
Tokyo,2025-12-27,3.9,6.5,7.64,-3.74
Tokyo,2025-12-28,5.9,11.0,7.51,-1.61
Tokyo,2025-12-29,7.45,11.1,7.42,0.03
Tokyo,2025-12-30,9.25,14.7,7.33,1.92
Tokyo,2025-12-31,8.35,12.3,7.23,1.12
Sydney,2025-01-01,24.6,28.0,22.85,1.75
Sydney,2025-01-02,21.6,23.0,22.88,-1.28
Sydney,2025-01-03,22.05,24.4,22.93,-0.88
Sydney,2025-01-04,23.9,27.6,22.93,0.97
Sydney,2025-01-05,25.0,29.1,22.98,2.02
Sydney,2025-01-06,25.75,29.3,23.02,2.73
Sydney,2025-01-07,20.75,22.4,23.07,-2.32
Sydney,2025-01-08,19.35,21.4,23.13,-3.78
Sydney,2025-01-09,20.55,23.1,23.16,-2.61
Sydney,2025-01-10,22.6,24.8,23.19,-0.59
Sydney,2025-01-11,22.3,23.8,23.25,-0.95
Sydney,2025-01-12,23.6,26.0,23.31,0.29
Sydney,2025-01-13,24.35,27.6,23.36,0.99
Sydney,2025-01-14,24.75,27.7,23.41,1.34
Sydney,2025-01-15,25.85,29.4,23.46,2.39
Sydney,2025-01-16,21.2,23.1,23.51,-2.31
Sydney,2025-01-17,19.15,20.2,23.5,-4.35
Sydney,2025-01-18,21.05,23.6,23.51,-2.46
Sydney,2025-01-19,20.8,22.9,23.53,-2.73
Sydney,2025-01-20,20.55,24.6,23.54,-2.99
Sydney,2025-01-21,20.9,25.1,23.56,-2.66
Sydney,2025-01-22,24.25,28.2,23.58,0.67
Sydney,2025-01-23,22.3,24.5,23.57,-1.27
Sydney,2025-01-24,21.8,24.5,23.57,-1.77
Sydney,2025-01-25,22.15,25.6,23.6,-1.45
Sydney,2025-01-26,23.7,27.1,23.62,0.08
Sydney,2025-01-27,25.15,29.2,23.63,1.52
Sydney,2025-01-28,27.9,35.5,23.64,4.26
Sydney,2025-01-29,22.65,25.3,23.62,-0.97
Sydney,2025-01-30,22.3,23.9,23.61,-1.31
Sydney,2025-01-31,23.7,26.7,23.61,0.09
Sydney,2025-02-01,23.65,26.6,23.63,0.02
Sydney,2025-02-02,24.6,28.3,23.62,0.98
Sydney,2025-02-03,25.45,29.6,23.6,1.85
Sydney,2025-02-04,25.65,29.3,23.62,2.03
Sydney,2025-02-05,25.9,29.3,23.61,2.29
Sydney,2025-02-06,25.35,28.7,23.57,1.78
Sydney,2025-02-07,25.2,28.9,23.55,1.65
Sydney,2025-02-08,25.4,28.9,23.52,1.88
Sydney,2025-02-09,24.35,28.0,23.51,0.84
Sydney,2025-02-10,22.15,23.5,23.49,-1.34
Sydney,2025-02-11,22.8,26.3,23.48,-0.68
Sydney,2025-02-12,23.6,27.7,23.47,0.13
Sydney,2025-02-13,25.1,27.8,23.44,1.66
Sydney,2025-02-14,24.85,27.3,23.4,1.45
Sydney,2025-02-15,24.05,28.1,23.33,0.72
Sydney,2025-02-16,19.7,22.2,23.28,-3.58
Sydney,2025-02-17,20.0,23.1,23.26,-3.26
Sydney,2025-02-18,19.8,24.2,23.23,-3.43
Sydney,2025-02-19,22.8,27.1,23.2,-0.4
Sydney,2025-02-20,21.05,22.3,23.17,-2.12
Sydney,2025-02-21,21.3,23.5,23.12,-1.82
Sydney,2025-02-22,22.8,25.3,23.08,-0.28
Sydney,2025-02-23,23.6,27.4,23.05,0.55
Sydney,2025-02-24,23.85,26.3,23.0,0.85
Sydney,2025-02-25,22.4,23.3,22.95,-0.55
Sydney,2025-02-26,23.75,27.2,22.91,0.84
Sydney,2025-02-27,24.05,26.6,22.87,1.18
Sydney,2025-02-28,25.8,29.6,22.81,2.99
Sydney,2025-03-01,24.95,28.0,22.8,2.15
Sydney,2025-03-02,24.1,26.1,22.77,1.33
Sydney,2025-03-03,22.4,23.8,22.74,-0.34
Sydney,2025-03-04,21.6,22.7,22.71,-1.11
Sydney,2025-03-05,22.1,24.9,22.7,-0.6
Sydney,2025-03-06,23.7,26.5,22.68,1.02
Sydney,2025-03-07,22.75,25.1,22.61,0.14
Sydney,2025-03-08,23.4,26.8,22.55,0.85
Sydney,2025-03-09,23.1,24.6,22.5,0.6
Sydney,2025-03-10,23.35,25.3,22.43,0.92
Sydney,2025-03-11,21.55,23.0,22.38,-0.83
Sydney,2025-03-12,23.45,26.9,22.32,1.13
Sydney,2025-03-13,23.45,27.1,22.28,1.17
Sydney,2025-03-14,24.7,28.9,22.2,2.5
Sydney,2025-03-15,26.05,30.3,22.13,3.92
Sydney,2025-03-16,27.45,31.7,22.06,5.39
Sydney,2025-03-17,21.45,24.4,22.0,-0.55
Sydney,2025-03-18,19.5,22.7,21.96,-2.46
Sydney,2025-03-19,20.5,24.2,21.9,-1.4
Sydney,2025-03-20,22.1,25.4,21.82,0.28
Sydney,2025-03-21,21.5,23.8,21.75,-0.25
Sydney,2025-03-22,22.35,24.9,21.67,0.68
Sydney,2025-03-23,22.65,24.7,21.6,1.05
Sydney,2025-03-24,22.55,24.9,21.52,1.03
Sydney,2025-03-25,22.7,24.4,21.45,1.25
Sydney,2025-03-26,24.2,28.0,21.35,2.85
Sydney,2025-03-27,21.85,24.8,21.27,0.58
Sydney,2025-03-28,22.05,23.8,21.18,0.87
Sydney,2025-03-29,20.75,22.0,21.1,-0.35
Sydney,2025-03-30,21.25,23.2,21.02,0.23
Sydney,2025-03-31,20.3,21.8,20.93,-0.63
Sydney,2025-04-01,20.0,22.1,20.84,-0.84
Sydney,2025-04-02,20.1,24.2,20.76,-0.66
Sydney,2025-04-03,21.05,26.9,20.68,0.37
Sydney,2025-04-04,19.5,23.9,20.59,-1.09
Sydney,2025-04-05,21.75,26.7,20.47,1.28
Sydney,2025-04-06,19.7,24.1,20.36,-0.66
Sydney,2025-04-07,21.8,26.5,20.27,1.53
Sydney,2025-04-08,18.75,21.0,20.18,-1.43
Sydney,2025-04-09,18.55,21.7,20.1,-1.55
Sydney,2025-04-10,19.85,23.1,20.03,-0.18
Sydney,2025-04-11,21.4,25.1,19.93,1.47
Sydney,2025-04-12,21.35,24.5,19.83,1.52
Sydney,2025-04-13,22.0,26.2,19.72,2.28
Sydney,2025-04-14,21.15,25.4,19.64,1.51
Sydney,2025-04-15,19.3,20.7,19.54,-0.24
Sydney,2025-04-16,18.7,21.2,19.47,-0.77
Sydney,2025-04-17,19.05,21.5,19.39,-0.34
Sydney,2025-04-18,19.7,23.5,19.3,0.4
Sydney,2025-04-19,21.25,26.4,19.23,2.02
Sydney,2025-04-20,21.4,25.6,19.13,2.27
Sydney,2025-04-21,19.55,22.1,19.03,0.52
Sydney,2025-04-22,18.4,21.1,18.94,-0.54
Sydney,2025-04-23,20.9,22.6,18.85,2.05
Sydney,2025-04-24,20.7,23.7,18.75,1.95
Sydney,2025-04-25,20.9,24.5,18.66,2.24
Sydney,2025-04-26,19.3,21.9,18.58,0.72
Sydney,2025-04-27,18.8,20.4,18.48,0.32
Sydney,2025-04-28,18.9,20.4,18.4,0.5
Sydney,2025-04-29,18.2,21.1,18.3,-0.1
Sydney,2025-04-30,15.55,17.3,18.19,-2.64
Sydney,2025-05-01,14.35,16.6,18.08,-3.73
Sydney,2025-05-02,15.35,18.1,17.97,-2.62
Sydney,2025-05-03,17.3,21.8,17.86,-0.56
Sydney,2025-05-04,17.1,21.4,17.75,-0.65
Sydney,2025-05-05,19.15,23.1,17.65,1.5
Sydney,2025-05-06,19.75,24.1,17.57,2.18
Sydney,2025-05-07,21.15,26.0,17.49,3.66
Sydney,2025-05-08,17.0,18.7,17.39,-0.39
Sydney,2025-05-09,15.7,18.2,17.31,-1.61
Sydney,2025-05-10,17.85,22.3,17.22,0.63
Sydney,2025-05-11,17.7,21.1,17.11,0.59
Sydney,2025-05-12,18.25,21.1,17.02,1.23
Sydney,2025-05-13,18.7,21.2,16.95,1.75
Sydney,2025-05-14,18.25,21.2,16.84,1.41
Sydney,2025-05-15,17.2,19.0,16.72,0.48
Sydney,2025-05-16,17.4,19.5,16.61,0.79
Sydney,2025-05-17,17.25,21.0,16.51,0.74
Sydney,2025-05-18,14.7,16.3,16.41,-1.71
Sydney,2025-05-19,14.15,15.6,16.31,-2.16
Sydney,2025-05-20,17.6,20.5,16.21,1.39
Sydney,2025-05-21,17.5,18.9,16.13,1.37
Sydney,2025-05-22,18.1,19.4,16.04,2.06
Sydney,2025-05-23,18.15,20.4,15.95,2.2
Sydney,2025-05-24,17.5,20.8,15.87,1.63
Sydney,2025-05-25,15.3,17.8,15.79,-0.49
Sydney,2025-05-26,15.1,18.4,15.69,-0.59
Sydney,2025-05-27,15.15,18.2,15.61,-0.46
Sydney,2025-05-28,15.9,20.1,15.54,0.36
Sydney,2025-05-29,14.6,17.4,15.45,-0.85
Sydney,2025-05-30,15.9,21.2,15.36,0.54
Sydney,2025-05-31,15.3,19.0,15.3,-0.0
Sydney,2025-06-01,15.75,20.6,15.23,0.52
Sydney,2025-06-02,14.25,17.0,15.14,-0.89
Sydney,2025-06-03,15.55,19.2,15.06,0.49
Sydney,2025-06-04,12.6,14.2,14.98,-2.38
Sydney,2025-06-05,13.25,17.6,14.9,-1.65
Sydney,2025-06-06,12.0,16.3,14.81,-2.81
Sydney,2025-06-07,15.35,19.0,14.73,0.62
Sydney,2025-06-08,12.55,15.7,14.65,-2.1
Sydney,2025-06-09,11.6,14.8,14.56,-2.96
Sydney,2025-06-10,14.45,18.2,14.47,-0.02
Sydney,2025-06-11,13.1,17.1,14.41,-1.31
Sydney,2025-06-12,12.1,16.5,14.33,-2.23
Sydney,2025-06-13,11.45,14.2,14.26,-2.81
Sydney,2025-06-14,13.55,18.1,14.21,-0.66
Sydney,2025-06-15,13.7,18.6,14.17,-0.47
Sydney,2025-06-16,11.85,17.1,14.12,-2.27
Sydney,2025-06-17,13.1,18.8,14.06,-0.96
Sydney,2025-06-18,12.4,16.7,14.01,-1.61
Sydney,2025-06-19,12.15,17.7,13.98,-1.83
Sydney,2025-06-20,12.6,18.5,13.94,-1.34
Sydney,2025-06-21,12.85,18.6,13.9,-1.05
Sydney,2025-06-22,13.0,18.4,13.85,-0.85
Sydney,2025-06-23,14.45,20.7,13.8,0.65
Sydney,2025-06-24,18.45,21.2,13.74,4.71
Sydney,2025-06-25,13.95,17.3,13.68,0.27
Sydney,2025-06-26,11.5,14.8,13.64,-2.14
Sydney,2025-06-27,11.7,15.2,13.61,-1.91
Sydney,2025-06-28,13.1,17.7,13.57,-0.47
Sydney,2025-06-29,13.5,18.6,13.54,-0.04
Sydney,2025-06-30,12.9,17.0,13.52,-0.62
Sydney,2025-07-01,11.95,13.3,13.49,-1.54
Sydney,2025-07-02,14.65,18.0,13.47,1.18
Sydney,2025-07-03,15.25,18.3,13.46,1.79
Sydney,2025-07-04,14.55,18.6,13.44,1.11
Sydney,2025-07-05,13.5,18.7,13.43,0.07
Sydney,2025-07-06,16.2,20.4,13.4,2.8
Sydney,2025-07-07,13.35,17.2,13.38,-0.03
Sydney,2025-07-08,11.6,14.6,13.36,-1.76
Sydney,2025-07-09,15.15,19.7,13.36,1.79
Sydney,2025-07-10,13.65,16.5,13.37,0.28
Sydney,2025-07-11,14.15,18.2,13.38,0.77
Sydney,2025-07-12,14.15,19.1,13.37,0.78
Sydney,2025-07-13,12.5,17.3,13.37,-0.87
Sydney,2025-07-14,14.8,19.4,13.38,1.42
Sydney,2025-07-15,11.15,14.4,13.39,-2.24
Sydney,2025-07-16,12.1,17.0,13.41,-1.31
Sydney,2025-07-17,11.95,17.1,13.43,-1.48
Sydney,2025-07-18,11.8,15.5,13.45,-1.65
Sydney,2025-07-19,12.9,18.5,13.46,-0.56
Sydney,2025-07-20,12.5,18.5,13.46,-0.96
Sydney,2025-07-21,13.8,17.6,13.46,0.34
Sydney,2025-07-22,14.45,17.6,13.47,0.98
Sydney,2025-07-23,15.25,20.0,13.5,1.75
Sydney,2025-07-24,12.1,17.0,13.51,-1.41
Sydney,2025-07-25,11.75,17.2,13.53,-1.78
Sydney,2025-07-26,14.7,17.2,13.58,1.12
Sydney,2025-07-27,15.45,18.7,13.61,1.84
Sydney,2025-07-28,15.2,18.3,13.64,1.56
Sydney,2025-07-29,13.5,16.8,13.69,-0.19
Sydney,2025-07-30,11.55,12.7,13.72,-2.17
Sydney,2025-07-31,12.25,14.1,13.76,-1.51
Sydney,2025-08-01,11.35,13.9,13.81,-2.46
Sydney,2025-08-02,13.35,15.7,13.86,-0.51
Sydney,2025-08-03,15.5,16.5,13.9,1.6
Sydney,2025-08-04,15.0,17.9,13.93,1.07
Sydney,2025-08-05,16.15,21.3,13.96,2.19
Sydney,2025-08-06,14.6,18.6,14.0,0.6
Sydney,2025-08-07,13.15,16.0,14.06,-0.91
Sydney,2025-08-08,13.45,16.9,14.11,-0.66
Sydney,2025-08-09,14.2,16.7,14.15,0.05
Sydney,2025-08-10,13.85,16.6,14.18,-0.33
Sydney,2025-08-11,12.75,15.5,14.21,-1.46
Sydney,2025-08-12,12.4,16.8,14.26,-1.86
Sydney,2025-08-13,12.7,16.8,14.31,-1.61
Sydney,2025-08-14,13.65,16.0,14.35,-0.7
Sydney,2025-08-15,14.2,18.3,14.4,-0.2
Sydney,2025-08-16,14.4,18.1,14.46,-0.06
Sydney,2025-08-17,11.8,16.3,14.53,-2.73
Sydney,2025-08-18,10.5,13.8,14.59,-4.09
Sydney,2025-08-19,12.05,15.2,14.66,-2.61
Sydney,2025-08-20,12.95,15.2,14.75,-1.8
Sydney,2025-08-21,14.25,15.5,14.82,-0.57
Sydney,2025-08-22,14.15,16.9,14.88,-0.73
Sydney,2025-08-23,15.7,19.5,14.94,0.76
Sydney,2025-08-24,15.65,18.9,15.01,0.64
Sydney,2025-08-25,17.75,21.7,15.09,2.66
Sydney,2025-08-26,17.4,21.4,15.15,2.25
Sydney,2025-08-27,17.65,21.7,15.21,2.44
Sydney,2025-08-28,16.35,20.7,15.27,1.08
Sydney,2025-08-29,16.6,21.2,15.35,1.25
Sydney,2025-08-30,14.4,17.8,15.43,-1.03
Sydney,2025-08-31,14.5,20.4,15.52,-1.02
Sydney,2025-09-01,14.55,19.4,15.6,-1.05
Sydney,2025-09-02,14.75,18.7,15.66,-0.91
Sydney,2025-09-03,16.05,21.9,15.75,0.3
Sydney,2025-09-04,19.25,23.3,15.87,3.38
Sydney,2025-09-05,15.9,19.6,15.98,-0.08
Sydney,2025-09-06,16.35,20.1,16.07,0.28
Sydney,2025-09-07,17.55,22.6,16.15,1.4
Sydney,2025-09-08,23.15,28.4,16.27,6.88
Sydney,2025-09-09,20.7,24.2,16.38,4.32
Sydney,2025-09-10,15.6,17.4,16.49,-0.89
Sydney,2025-09-11,13.75,16.7,16.56,-2.81
Sydney,2025-09-12,14.9,20.1,16.62,-1.72
Sydney,2025-09-13,15.6,20.7,16.71,-1.11
Sydney,2025-09-14,17.4,23.2,16.82,0.58
Sydney,2025-09-15,19.25,25.4,16.92,2.33
Sydney,2025-09-16,23.1,27.0,16.99,6.11
Sydney,2025-09-17,20.55,25.9,17.07,3.48
Sydney,2025-09-18,16.25,20.4,17.18,-0.93
Sydney,2025-09-19,17.25,22.6,17.26,-0.01
Sydney,2025-09-20,18.6,23.2,17.32,1.28
Sydney,2025-09-21,16.7,21.9,17.43,-0.73
Sydney,2025-09-22,16.45,21.3,17.52,-1.07
Sydney,2025-09-23,13.75,18.0,17.6,-3.85
Sydney,2025-09-24,17.95,25.5,17.67,0.28
Sydney,2025-09-25,18.55,24.7,17.73,0.82
Sydney,2025-09-26,22.65,28.3,17.82,4.83
Sydney,2025-09-27,24.05,28.8,17.91,6.14
Sydney,2025-09-28,20.75,23.9,18.0,2.75
Sydney,2025-09-29,19.85,23.7,18.07,1.78
Sydney,2025-09-30,19.7,24.1,18.12,1.58
Sydney,2025-10-01,21.65,26.2,18.17,3.48
Sydney,2025-10-02,19.45,24.3,18.24,1.21
Sydney,2025-10-03,19.35,25.6,18.32,1.03
Sydney,2025-10-04,18.1,22.7,18.36,-0.26
Sydney,2025-10-05,20.0,26.5,18.4,1.6
Sydney,2025-10-06,23.0,29.2,18.43,4.57
Sydney,2025-10-07,19.95,23.8,18.47,1.48
Sydney,2025-10-08,21.05,25.0,18.5,2.55
Sydney,2025-10-09,23.95,27.1,18.52,5.43
Sydney,2025-10-10,23.6,28.4,18.57,5.03
Sydney,2025-10-11,23.6,29.1,18.64,4.96
Sydney,2025-10-12,23.1,28.6,18.7,4.4
Sydney,2025-10-13,18.8,22.3,18.78,0.02
Sydney,2025-10-14,19.7,25.2,18.82,0.88
Sydney,2025-10-15,20.9,25.4,18.85,2.05
Sydney,2025-10-16,20.75,25.1,18.89,1.86
Sydney,2025-10-17,23.8,29.6,18.95,4.85
Sydney,2025-10-18,19.65,22.4,18.99,0.66
Sydney,2025-10-19,20.45,24.5,19.03,1.42
Sydney,2025-10-20,25.6,33.4,19.04,6.56
Sydney,2025-10-21,20.4,22.4,19.06,1.34
Sydney,2025-10-22,29.05,39.4,19.06,9.99
Sydney,2025-10-23,20.3,23.0,19.1,1.2
Sydney,2025-10-24,20.0,23.5,19.14,0.86
Sydney,2025-10-25,19.6,23.4,19.19,0.41
Sydney,2025-10-26,20.45,24.8,19.27,1.18
Sydney,2025-10-27,18.65,23.4,19.3,-0.65
Sydney,2025-10-28,15.2,16.9,19.33,-4.13
Sydney,2025-10-29,14.9,17.1,19.37,-4.47
Sydney,2025-10-30,19.15,23.6,19.46,-0.31
Sydney,2025-10-31,19.15,23.0,19.54,-0.39
Sydney,2025-11-01,21.1,23.9,19.56,1.54
Sydney,2025-11-02,21.35,25.1,19.56,1.79
Sydney,2025-11-03,22.45,26.2,19.6,2.85
Sydney,2025-11-04,20.0,23.3,19.66,0.34
Sydney,2025-11-05,20.2,26.0,19.72,0.48
Sydney,2025-11-06,18.9,23.8,19.79,-0.89
Sydney,2025-11-07,21.4,24.5,19.88,1.52
Sydney,2025-11-08,24.1,28.2,19.92,4.18
Sydney,2025-11-09,19.15,22.0,19.96,-0.81
Sydney,2025-11-10,18.8,22.9,19.99,-1.19
Sydney,2025-11-11,20.7,26.3,20.07,0.63
Sydney,2025-11-12,16.5,20.9,20.15,-3.65
Sydney,2025-11-13,18.95,25.0,20.2,-1.25
Sydney,2025-11-14,20.5,23.0,20.28,0.22
Sydney,2025-11-15,21.75,24.8,20.35,1.4
Sydney,2025-11-16,24.5,29.5,20.4,4.1
Sydney,2025-11-17,21.1,24.1,20.47,0.63
Sydney,2025-11-18,20.3,25.3,20.51,-0.21
Sydney,2025-11-19,22.0,27.5,20.57,1.43
Sydney,2025-11-20,20.9,23.5,20.63,0.27
Sydney,2025-11-21,18.1,19.2,20.7,-2.6
Sydney,2025-11-22,19.75,21.5,20.78,-1.03
Sydney,2025-11-23,22.75,27.2,20.84,1.91
Sydney,2025-11-24,21.4,24.2,20.91,0.49
Sydney,2025-11-25,23.05,27.9,20.98,2.07
Sydney,2025-11-26,26.0,32.0,21.02,4.98
Sydney,2025-11-27,25.9,31.6,21.06,4.84
Sydney,2025-11-28,23.15,27.6,21.13,2.02
Sydney,2025-11-29,25.95,31.2,21.19,4.76
Sydney,2025-11-30,21.85,25.5,21.22,0.63
Sydney,2025-12-01,19.55,23.8,21.26,-1.71
Sydney,2025-12-02,17.85,22.4,21.35,-3.5
Sydney,2025-12-03,19.95,24.9,21.44,-1.49
Sydney,2025-12-04,22.9,28.1,21.52,1.38
Sydney,2025-12-05,26.8,33.8,21.57,5.23
Sydney,2025-12-06,28.5,33.0,21.63,6.87
Sydney,2025-12-07,21.7,24.4,21.68,0.02
Sydney,2025-12-08,22.55,26.0,21.72,0.83
Sydney,2025-12-09,24.6,29.4,21.81,2.79
Sydney,2025-12-10,23.3,26.5,21.89,1.41
Sydney,2025-12-11,22.6,25.5,21.94,0.66
Sydney,2025-12-12,21.1,23.1,21.91,-0.81
Sydney,2025-12-13,21.55,25.6,21.94,-0.39
Sydney,2025-12-14,25.7,32.4,21.98,3.72
Sydney,2025-12-15,20.7,22.4,22.0,-1.3
Sydney,2025-12-16,19.55,22.4,22.04,-2.49
Sydney,2025-12-17,22.05,25.4,22.13,-0.08
Sydney,2025-12-18,24.1,28.9,22.17,1.93
Sydney,2025-12-19,28.45,34.8,22.22,6.23
Sydney,2025-12-20,27.6,32.5,22.25,5.35
Sydney,2025-12-21,26.4,30.0,22.33,4.07
Sydney,2025-12-22,24.7,27.9,22.39,2.31
Sydney,2025-12-23,26.5,32.4,22.44,4.06
Sydney,2025-12-24,24.05,29.0,22.5,1.55
Sydney,2025-12-25,20.45,22.8,22.53,-2.08
Sydney,2025-12-26,17.25,18.3,22.56,-5.31
Sydney,2025-12-27,18.4,22.4,22.62,-4.22
Sydney,2025-12-28,19.3,22.0,22.71,-3.41
Sydney,2025-12-29,19.75,23.6,22.76,-3.01
Sydney,2025-12-30,20.0,24.0,22.8,-2.8
Sydney,2025-12-31,20.45,23.8,22.82,-2.37
